run_key,anomaly,detail
2c131c81-99af-48ca-9b9a-b32c9c959d79,zero_final_results,"intent=ai_coding_and_infrastructure, cands=0"
236b2a75-5322-4d05-9025-01b7b3fc227b,zero_final_results,"intent=general, cands=0"
8a118083-ba42-422c-903c-0324ba87854f,zero_final_results,"intent=general, cands=0"
f525eaf4-fe73-4830-9341-62db69dd4a03,zero_final_results,"intent=general, cands=0"
b6363b63-363e-4883-aa93-45404923714f,zero_final_results,"intent=general, cands=0"
a27d369e-ac2d-4428-9df6-3e272f34a993,zero_final_results,"intent=general, cands=0"
946efcc6-9bb8-4805-98df-789e2c17a5b1,zero_final_results,"intent=ai_coding_and_infrastructure, cands=10"
841172c0-7c8d-4153-9e7e-f6385eabe47a,zero_final_results,"intent=ai_coding_and_infrastructure, cands=16"
939318eb-10f0-48e7-b603-329d04fc8dce,zero_final_results,"intent=general, cands=68"
f5dea594-6512-4cf1-a421-099115e0e13c,zero_final_results,"intent=general, cands=66"
541c632f-7dd6-41b4-9342-c7b54f3720b6,zero_final_results,"intent=ai_coding_and_infrastructure, cands=0"
d5fb4f99-04b9-47ba-b146-d170da7f23ea,zero_final_results,"intent=ai_coding_and_infrastructure, cands=0"
36396b20-73da-4314-9a85-2adb60bd12bd,zero_final_results,"intent=general, cands=52"
60621ba3-c2ab-4c84-8ae4-57499dc6d3a9,zero_final_results,"intent=general, cands=14"
12335093-babd-4598-8924-e08ed77e2c33,zero_final_results,"intent=general, cands=32"
6ac7d769-520f-4e69-8ca7-ee2aa2fbbd38,zero_final_results,"intent=general, cands=0"
4f89645d-d128-4031-9eaa-3a7d6648df23,zero_final_results,"intent=general, cands=0"
0038e066-c8aa-40ce-8b94-579cbd33481b,all_low_scores,max_score=0.0475
00e768ca-a5a6-461f-abac-3b5177931001,all_low_scores,max_score=0.0462
01549a9c-6584-4a48-ba0d-5e84a6501b44,all_low_scores,max_score=0.0320
01b2cda2-a67f-4d20-adc9-94b1bd6fd512,all_low_scores,max_score=0.0325
03f35ad2-d6f2-4236-b6c5-00ccec5170e9,all_low_scores,max_score=0.0318
043800f7-15a3-429c-a376-563dba27306b,all_low_scores,max_score=0.0308
0469d164-946b-4011-8f5f-82cdf4b5c779,all_low_scores,max_score=0.0298
0491dcc1-ddd2-4bf1-84dc-3f2634f5de47,all_low_scores,max_score=0.0453
04f32696-5534-40f6-af39-ce76be29fd82,all_low_scores,max_score=0.0294
06311970-fc29-4973-8156-cae47ed0d8f0,all_low_scores,max_score=0.0323
065cfc03-c130-4846-9a18-b857a5765fe3,all_low_scores,max_score=0.0474
06e23e53-ca20-48f5-b64b-ece1e231ea44,all_low_scores,max_score=0.0323
074ddc77-e0a4-46f5-826e-0a6868e6d787,all_low_scores,max_score=0.0325
078375dc-4a8a-4dd7-8b2f-2df9ef3dc009,all_low_scores,max_score=0.0474
07b5e1b9-ba79-48f2-9209-59012445cb46,all_low_scores,max_score=0.0310
07fe6bfb-db63-4635-8d6c-7aae4c1dfc06,all_low_scores,max_score=0.0318
08110b45-75a8-4f4b-96fa-fc2c4bdc5343,all_low_scores,max_score=0.0315
08142df9-4005-4840-9b7d-8cba94da0494,all_low_scores,max_score=0.0424
08d0fb2a-aa2d-4883-81af-c9c77c23c2cb,all_low_scores,max_score=0.0323
08da862b-3d9a-4ab3-94b2-1cae75d41721,all_low_scores,max_score=0.0296
08e3dda3-bea2-4793-8f91-be14333af84f,all_low_scores,max_score=0.0328
09e08bde-9670-4f6f-98b1-0f80b2106b05,all_low_scores,max_score=0.0325
0a057781-bdf2-4f0b-9ea6-28bce8d08679,all_low_scores,max_score=0.0315
0b04d220-451b-463b-9a92-2c32bc572d4b,all_low_scores,max_score=0.0320
0b2d081c-ffaf-48c3-9edf-0e52b2977a51,all_low_scores,max_score=0.0484
0b9624d1-741d-4c53-9cae-a0216a0b80d3,all_low_scores,max_score=0.0458
0be887d8-d8ae-4e6d-84d4-595c9aa34da9,all_low_scores,max_score=0.0167
0c548aca-52b9-4c52-90a5-b741810aa77e,all_low_scores,max_score=0.0320
0cecc4ef-f05b-4253-8240-6f3d49501026,all_low_scores,max_score=0.0463
10205441-53b0-435c-92fc-aedb6b6825af,all_low_scores,max_score=0.0297
10373513-d80f-4bc1-8352-8178e0a11fdb,all_low_scores,max_score=0.0431
1041e0d3-077e-4e87-84ca-47b2ac8368cf,all_low_scores,max_score=0.0320
10c276b0-8e6d-4a1b-a14a-a85e5816f82f,all_low_scores,max_score=0.0464
121471e2-68bc-4724-9c88-ae5d8b7cb005,all_low_scores,max_score=0.0453
14329d0c-fa2d-4cc9-89f9-8c9664936524,all_low_scores,max_score=0.0440
14afbf93-a7b9-4fa9-915b-38890f98b548,all_low_scores,max_score=0.0303
14cd39de-3fd3-400e-8ded-4ac62a4449c4,all_low_scores,max_score=0.0415
150ea450-50bf-48d5-8758-0d7483d84dc1,all_low_scores,max_score=0.0320
1553a1a5-d9d9-419e-90a5-1fa6a48bd4e2,all_low_scores,max_score=0.0311
1559aa8a-8a05-4d7a-abde-b98f2d1f463d,all_low_scores,max_score=0.0318
157b2a73-63d4-4b6f-a920-61619492c058,all_low_scores,max_score=0.0484
1674d04e-d964-43c3-956c-1e200a89cce3,all_low_scores,max_score=0.0450
168c5d77-2e2e-4aa3-93d7-9be5f0a16be8,all_low_scores,max_score=0.0298
16b5e635-462a-43a2-8327-5c2e475e2968,all_low_scores,max_score=0.0167
16be6f6d-2aa9-43f2-afd3-f7c42775898e,all_low_scores,max_score=0.0323
18db6b8c-c80d-4ca0-800b-f6ad19687874,all_low_scores,max_score=0.0309
1a42782a-4b23-4f5e-8782-ac26e2bd2b49,all_low_scores,max_score=0.0323
1a57af3f-a4f5-4f5a-8654-9d3ce652530c,all_low_scores,max_score=0.0469
1a9dde98-62bf-4200-90c8-96fa7e5f258f,all_low_scores,max_score=0.0303
1ad7cac7-6dc6-41dd-b976-393163ac7800,all_low_scores,max_score=0.0481
1ae9cf32-a465-4930-8f93-8ff8e7e372a0,all_low_scores,max_score=0.0389
1afc4490-367c-491d-b355-4547ed98af20,all_low_scores,max_score=0.0479
1b0ca779-e25e-40be-be74-fae4e26eea68,all_low_scores,max_score=0.0167
1c32f2eb-e71a-4f5e-8a73-def9acdd950b,all_low_scores,max_score=0.0328
1d6a40ad-7c5c-40d0-b87d-0ca1072cc041,all_low_scores,max_score=0.0320
1dbe046d-6c33-410a-99be-f49e684883ec,all_low_scores,max_score=0.0479
2008d8ce-c85d-48f3-80e4-1954371e8bdd,all_low_scores,max_score=0.0474
20157b1a-a4a2-42d5-94fb-b25b1d6faebc,all_low_scores,max_score=0.0318
209942f8-127b-4501-84ab-d2237b2db44c,all_low_scores,max_score=0.0320
210d04ed-6a7c-49fb-85f5-719bbbc26436,all_low_scores,max_score=0.0291
212bed68-e98a-403f-bc52-3169caf47dbc,all_low_scores,max_score=0.0466
22024a58-83d3-42da-a688-da03c11bc0d6,all_low_scores,max_score=0.0325
2205c05a-5a41-40b5-a06d-359f98792516,all_low_scores,max_score=0.0476
232ab87d-c137-4dc8-bfb6-6a2ca93492fe,all_low_scores,max_score=0.0462
237e6c8a-0750-40d2-a8f9-351e85f9aea3,all_low_scores,max_score=0.0302
23cea32b-0ff5-46df-be99-d95ab67015f6,all_low_scores,max_score=0.0484
24e0f50d-7de8-4820-b744-95a7fadfdcfe,all_low_scores,max_score=0.0320
2508b6fe-faf2-4557-ae11-276c2eaf4442,all_low_scores,max_score=0.0323
25a7f8be-342a-4fcc-bdb5-2b1b8027639b,all_low_scores,max_score=0.0449
25b37bdc-b4db-4715-ba3a-cb6c54e03ff3,all_low_scores,max_score=0.0290
2600e567-407e-4469-a2ff-4cca36353988,all_low_scores,max_score=0.0438
26c97e89-5440-43ef-9cca-3088c179a843,all_low_scores,max_score=0.0320
278436f3-c5aa-4573-ad03-d8d814aed9df,all_low_scores,max_score=0.0357
28f114f2-8f03-460d-80c7-8703f582eabd,all_low_scores,max_score=0.0296
294d61f6-f5c1-4b54-bf10-8b860d7cfae2,all_low_scores,max_score=0.0304
2958b8e6-5553-4ab6-9abe-d3c76fc5eb23,all_low_scores,max_score=0.0312
29998019-40f5-4757-a30d-059fa8782236,all_low_scores,max_score=0.0481
29e6ff29-8eba-444f-8750-cd59005d2ef9,all_low_scores,max_score=0.0279
2a467b8d-30e3-4166-8179-d3a96d6c1706,all_low_scores,max_score=0.0474
2b4b4d27-ba4f-48f0-bee6-e086df894c11,all_low_scores,max_score=0.0318
2b97ee7f-e52f-4b5d-bb24-76e5e0f17dee,all_low_scores,max_score=0.0304
2d8d7be9-318d-4b8b-8a5e-41216db148c7,all_low_scores,max_score=0.0476
30c226e2-dcfb-45a7-9bb6-6f9ac104b004,all_low_scores,max_score=0.0467
31d33787-f98b-4632-b7d0-1a8cdcbf4a30,all_low_scores,max_score=0.0304
334a6e3e-ae22-43b8-aaa6-e3a3963099eb,all_low_scores,max_score=0.0463
33ddf1bc-cb47-4755-bae3-1bba55c20ad1,all_low_scores,max_score=0.0323
35167059-fa9f-468e-945c-6d44c7f9f5cf,all_low_scores,max_score=0.0304
35f00641-0af3-4148-80ef-65560ac62975,all_low_scores,max_score=0.0318
38237a35-cdb4-4974-b87a-dbfa8d98e331,all_low_scores,max_score=0.0469
396ed137-ff6e-4542-a156-ed62e9c9df57,all_low_scores,max_score=0.0325
39e14779-b329-4d7c-b376-f587d6ff6c89,all_low_scores,max_score=0.0167
3c1581a7-b415-4721-8457-54371dfb54e6,all_low_scores,max_score=0.0328
3d41e1b5-3913-43ee-ae79-284ff3c359e1,all_low_scores,max_score=0.0318
3d80fc9a-0064-4231-aa23-f088e898ab0d,all_low_scores,max_score=0.0167
3e027faa-b697-49f4-abbf-89a32777b196,all_low_scores,max_score=0.0317
3e907bf1-1860-45a3-8c78-38a7ce91f2fa,all_low_scores,max_score=0.0442
3f1d1563-32dd-441b-920a-a5321315f33b,all_low_scores,max_score=0.0463
3f837b51-6d50-444e-b6ce-c1ac25c8de63,all_low_scores,max_score=0.0320
401c7553-e71f-43b8-84eb-2ffc0c258c4d,all_low_scores,max_score=0.0469
401fe955-f6ef-492d-a3a7-cdafa1ecc468,all_low_scores,max_score=0.0328
41358de3-5cdc-4bbf-9f82-aff021650f35,all_low_scores,max_score=0.0325
41ad24db-fa71-49c8-a9c0-7058cb87988f,all_low_scores,max_score=0.0318
4237ecf2-7ee0-480b-97a7-ec5a4fa9cce9,all_low_scores,max_score=0.0484
43ae5558-52bb-4eda-a38c-714274e837f6,all_low_scores,max_score=0.0469
445116d6-60ac-43f4-9e32-8194e6c8c064,all_low_scores,max_score=0.0323
448e0fc0-b3e8-4172-85a6-200305eeb55e,all_low_scores,max_score=0.0489
45718589-5772-4aec-8576-dc2de07e48e7,all_low_scores,max_score=0.0448
47a6723e-28ce-42aa-ab5f-7811dafa5c1a,all_low_scores,max_score=0.0309
4973464b-94f0-44b1-871f-ea7332e3a647,all_low_scores,max_score=0.0313
4b9df8f2-e4ee-4e76-aa4c-fbef17e78372,all_low_scores,max_score=0.0484
4d040c3c-945c-44c2-b2a8-7a3a0e027610,all_low_scores,max_score=0.0167
4d3c36c7-4869-48df-9b46-043fbc302a61,all_low_scores,max_score=0.0167
4e7d0fa3-9fa7-4971-a6e8-3ad0e4bf0388,all_low_scores,max_score=0.0460
4f1befd3-32bc-486e-9b48-8be7124d9bca,all_low_scores,max_score=0.0309
4f87a47e-10e3-454b-a9eb-38ee37248304,all_low_scores,max_score=0.0373
4fe7a378-adfe-4eef-af26-bb947e17c233,all_low_scores,max_score=0.0323
500cb1b0-b0c9-46e9-8961-f4dd06945140,all_low_scores,max_score=0.0440
50924a1a-4fe8-4cc0-ac0b-0ef3e39f1bbf,all_low_scores,max_score=0.0167
50ddb1c7-5916-4b9a-bbd4-e45b1eb8deb1,all_low_scores,max_score=0.0419
514b47fc-f747-468b-b354-f051d327d0c0,all_low_scores,max_score=0.0476
51897f66-9e4b-4f3f-9ce3-01212ce18926,all_low_scores,max_score=0.0320
5229f521-bbb6-4856-8d90-bcb281430eeb,all_low_scores,max_score=0.0313
524f85ab-7574-4bd1-a225-b2b8bad8a6e2,all_low_scores,max_score=0.0320
53a937ae-ab54-4637-b954-68f8a06fd1a1,all_low_scores,max_score=0.0470
53f2c062-024d-4900-bc96-2bffc2631ab5,all_low_scores,max_score=0.0443
55aa7be1-92e3-4e2e-bce8-0e2a1401cff1,all_low_scores,max_score=0.0318
577bda92-ad4a-4c66-b204-32763d1ea975,all_low_scores,max_score=0.0167
5ab89d3a-625c-429c-a8a7-3f9aff30d21c,all_low_scores,max_score=0.0302
5b91c1c2-6da3-4810-93c0-91f0e042d1d1,all_low_scores,max_score=0.0455
5c010dee-f8ac-4b90-bbde-11ed5837ddd5,all_low_scores,max_score=0.0328
5c0a23e7-9e86-470d-9333-6742c111791b,all_low_scores,max_score=0.0318
5c3bb872-51d7-416e-a5f6-48906f9a0ac9,all_low_scores,max_score=0.0462
5c82e586-e6b3-4c65-976b-9d356bce6edb,all_low_scores,max_score=0.0474
5d6e178d-ba86-41d1-ab73-fc79632eb398,all_low_scores,max_score=0.0464
5d74fb4b-b8df-49aa-b952-b09a20bd1674,all_low_scores,max_score=0.0167
5dd7a25e-c62b-4c98-a387-254f206555c4,all_low_scores,max_score=0.0325
5e441852-2609-45e8-9953-f93e90a60596,all_low_scores,max_score=0.0412
5f837868-5f48-47c1-a9ca-620fdcea6f55,all_low_scores,max_score=0.0460
5fa3d68e-521e-4981-86d1-a54e5dc9a804,all_low_scores,max_score=0.0295
607d4fb0-0f25-4f81-9b97-95c7a89010c0,all_low_scores,max_score=0.0328
620b01e4-0bd3-45a1-8e2d-4c9cfd165dc5,all_low_scores,max_score=0.0320
62203d2c-8711-431d-b73c-6f523b1a9fcd,all_low_scores,max_score=0.0465
6299675b-d32f-484d-a247-a80439860f1d,all_low_scores,max_score=0.0320
62aae3f6-ba45-40fb-8349-5b427141747b,all_low_scores,max_score=0.0479
6310b0f1-bd46-46d7-b94a-4aec48d22452,all_low_scores,max_score=0.0467
63dab63f-afa3-485e-bea8-1086c132ca45,all_low_scores,max_score=0.0434
6413f295-f00f-47d3-b1fa-e43304106f5a,all_low_scores,max_score=0.0423
648fd4f5-3541-40fe-8c53-9fc8c62f1b92,all_low_scores,max_score=0.0313
653aabb0-1be9-4b0a-b828-1f0c74321a44,all_low_scores,max_score=0.0430
65c20585-e865-4706-a1b9-50ae4ccba6d3,all_low_scores,max_score=0.0446
66e51f4c-2b98-4de8-a74d-b394c238bab3,all_low_scores,max_score=0.0458
67488f96-0d49-4d3a-ae68-84a8934414b8,all_low_scores,max_score=0.0438
67991401-195d-4190-b2be-061a1de9ebf2,all_low_scores,max_score=0.0396
69308eb8-f047-4a02-9918-6be9f7ab1108,all_low_scores,max_score=0.0412
69946991-3f00-4495-86e2-485e1f6c2c8c,all_low_scores,max_score=0.0437
6baf1b6a-84f5-456a-816a-4f1a0509fcfa,all_low_scores,max_score=0.0318
6c1bef1e-3a1c-484a-a107-6462f9e6ec53,all_low_scores,max_score=0.0167
6c2cc5aa-b382-49ec-b76a-aca1e93995e3,all_low_scores,max_score=0.0303
6d916c99-937d-4ed2-8f5f-dec6c90e4369,all_low_scores,max_score=0.0476
6db30215-290b-4619-a880-07707854c0c6,all_low_scores,max_score=0.0460
6e615698-e56c-4c2f-8e86-dd0fba584b32,all_low_scores,max_score=0.0323
6e800075-7e9d-4b89-bcd7-5689ed58a73c,all_low_scores,max_score=0.0469
70ad24bb-c0e5-4ed5-bda3-1c000db24372,all_low_scores,max_score=0.0311
71afc7ef-6a47-4ec1-960d-9100a35b3ebb,all_low_scores,max_score=0.0308
726e8072-dbd6-4ff7-8dc5-d91d05c8b71d,all_low_scores,max_score=0.0320
72b0145e-249c-4258-ac35-a651a305f87f,all_low_scores,max_score=0.0476
734d4d33-e64c-4d3e-8e12-c8dd75baef26,all_low_scores,max_score=0.0320
74483a5a-baf4-4e8d-a8fe-b8756bab080a,all_low_scores,max_score=0.0325
75629b0c-dbae-4aed-acc9-625768dfc6bc,all_low_scores,max_score=0.0307
7588b98d-b986-4b7f-9a4e-5740bd38abba,all_low_scores,max_score=0.0313
759ac087-8c4a-4832-96ca-bb52df6e3362,all_low_scores,max_score=0.0318
7680d93d-7317-4b91-a53f-9d31db3bb5f0,all_low_scores,max_score=0.0325
7740fb15-17b7-4983-9e1e-3284340e24f1,all_low_scores,max_score=0.0313
777905e2-d1b9-4699-9cc2-9d00a0e23e60,all_low_scores,max_score=0.0323
77b2d06f-36f3-4baf-8a0c-b5200e288437,all_low_scores,max_score=0.0400
78eb9786-ccd2-4fa2-a166-d37eb7b05964,all_low_scores,max_score=0.0315
792d85ca-7785-4d20-aa5f-91cb8056fe51,all_low_scores,max_score=0.0315
79eaebe9-a71e-4e52-9c59-a065beaa4a6c,all_low_scores,max_score=0.0448
7b1ab636-c0f8-4b23-b805-77662bdda8a9,all_low_scores,max_score=0.0484
7b673e20-1fe9-4c5b-897a-d9fbe3a4911c,all_low_scores,max_score=0.0484
7be6acb9-5b99-4322-bcb4-68254688c2b6,all_low_scores,max_score=0.0323
7be9367d-1c08-4a16-b081-4845bdbb5a4b,all_low_scores,max_score=0.0477
7cc0100d-8f47-4eac-9df2-907791e3eb64,all_low_scores,max_score=0.0484
7de06311-2e45-461a-9164-d5ec42663991,all_low_scores,max_score=0.0167
7deb83cb-f09a-4a97-9981-67d52caceaad,all_low_scores,max_score=0.0296
7e796f15-eafa-4318-bdf1-65ac269dd347,all_low_scores,max_score=0.0268
7fe156f4-f1f2-448c-a12b-d2177e045abe,all_low_scores,max_score=0.0315
8003a039-958a-41ff-9a41-ce0abdf619cb,all_low_scores,max_score=0.0271
80242102-1e23-45e8-b2aa-4d15fcc88d49,all_low_scores,max_score=0.0167
8144cc33-4334-4fd9-8f36-f5674335eb29,all_low_scores,max_score=0.0302
81ec9b66-c95b-419d-94f1-1efdb05cd272,all_low_scores,max_score=0.0318
82bd2d49-f90f-424d-8c32-9fbf70947d20,all_low_scores,max_score=0.0427
82d35294-043d-4eed-a9ed-6a9dbfc6ad8c,all_low_scores,max_score=0.0299
8314dd00-63db-4381-a46f-99288f1977c6,all_low_scores,max_score=0.0467
833ffff7-3926-4a78-82ee-578294550e52,all_low_scores,max_score=0.0487
8433b089-03f1-467b-a785-310fed0629f9,all_low_scores,max_score=0.0309
84558946-4199-41a9-a4c5-74bd1081a32c,all_low_scores,max_score=0.0315
848e1b75-bd45-4f71-950b-133a15cdae20,all_low_scores,max_score=0.0313
86122e62-49f9-462f-ad15-5cc48e1fe7b2,all_low_scores,max_score=0.0320
86baff84-baf8-4c05-9288-ddbc4f4f1938,all_low_scores,max_score=0.0292
86ef4491-f1ee-4d64-bba9-080f803b0083,all_low_scores,max_score=0.0457
887d7b7e-3572-47e4-b2ac-d06b8dcbea78,all_low_scores,max_score=0.0461
899eb188-05ce-49ec-ae12-83b8c61cce5e,all_low_scores,max_score=0.0315
8acf41bc-af62-4f54-9d08-76aa3ebf8bc9,all_low_scores,max_score=0.0318
8bfdd929-8a24-4904-95d4-7664cad1d051,all_low_scores,max_score=0.0484
8c2270dd-d2c3-44b5-9590-9b5e90d2c3f4,all_low_scores,max_score=0.0481
8c31067a-e06f-45c5-8005-d006cc8adc6d,all_low_scores,max_score=0.0434
8d062b0f-215e-41a2-811f-81118c89d5fc,all_low_scores,max_score=0.0440
8d369886-ff91-45e4-8a11-b9b93d4f9c8b,all_low_scores,max_score=0.0492
8d98806d-2c30-483f-8850-dc3d2723d356,all_low_scores,max_score=0.0446
8dd60a11-c54a-4593-84b7-e98c758222a5,all_low_scores,max_score=0.0328
92464d9f-bb8a-45a3-972e-034ef276e378,all_low_scores,max_score=0.0471
93d1de7b-0cfd-48a4-ab81-afdcde4fd0f1,all_low_scores,max_score=0.0294
942292d8-73f6-41f1-bb50-c56a365ca196,all_low_scores,max_score=0.0325
989b7ca5-a0f8-431a-a3f2-4c1ac6e0ed59,all_low_scores,max_score=0.0305
98badc56-a1ba-4b66-bc77-7942596a5ce3,all_low_scores,max_score=0.0323
98cf6e4a-b943-4a23-9639-0240ad7d76fd,all_low_scores,max_score=0.0311
99106d71-722c-4b31-9347-3156e6db6877,all_low_scores,max_score=0.0458
994ad3c7-2219-4a26-a603-8d7271956293,all_low_scores,max_score=0.0167
9af714c9-f4c9-4969-b202-c31b1edbdbdb,all_low_scores,max_score=0.0400
9b50f5a7-0513-447e-89d2-ba4fb7e67a62,all_low_scores,max_score=0.0320
9c894a00-08e6-49a8-bbc2-d696fb090186,all_low_scores,max_score=0.0471
9d2375b8-5734-4b60-a8b8-fb15ad5fe2b7,all_low_scores,max_score=0.0479
9d4cf316-3dad-4470-8cd7-960548a3298d,all_low_scores,max_score=0.0435
9da7142e-1ac6-48d2-b5f6-9f48f39f10b9,all_low_scores,max_score=0.0481
9e1919c5-87a4-48e0-9654-191555496b82,all_low_scores,max_score=0.0315
9ec823ed-63db-41c9-99cd-578729424418,all_low_scores,max_score=0.0308
9f1c4b6e-10f9-42c6-9143-a888c92c59a7,all_low_scores,max_score=0.0325
9f3ec071-94b6-414b-b672-a3c1418a0d67,all_low_scores,max_score=0.0320
9fd41c25-3e2f-4bba-abd4-c7a2bb32d723,all_low_scores,max_score=0.0487
a04e2ee1-79b7-4af2-929c-c6fef79e3a4c,all_low_scores,max_score=0.0389
a0760b36-ea78-4ff0-a418-a29dc6a1a989,all_low_scores,max_score=0.0301
a101f6c8-b287-4ffa-9d04-be397c238321,all_low_scores,max_score=0.0477
a13c8361-ab20-4f0d-bc31-828e58ce57ec,all_low_scores,max_score=0.0320
a2e07e5f-32d5-4ff7-b42d-19c35eaf367e,all_low_scores,max_score=0.0311
a3333df6-55b4-46e3-ab29-aca3a63dd05b,all_low_scores,max_score=0.0482
a35ddb53-3e4a-4ba9-b91e-d389c38afb81,all_low_scores,max_score=0.0311
a4a00ce0-bd5d-48b9-9115-95d6ac84dea0,all_low_scores,max_score=0.0420
a53fb033-bf99-4a36-9cb6-0d2d10051bce,all_low_scores,max_score=0.0317
a5954cf0-0624-484c-8299-4c08c5070c40,all_low_scores,max_score=0.0477
a5effc43-f12f-4f5c-aa0f-7fbf399ee83f,all_low_scores,max_score=0.0167
a6e89d57-fd2c-4fe5-9e57-bd449969c4c8,all_low_scores,max_score=0.0487
a7ac9a6c-bc6b-40bc-9ecf-41e74d2fefc0,all_low_scores,max_score=0.0325
a84723d3-1e70-487a-ba0e-4d7cbefff6c5,all_low_scores,max_score=0.0450
a93f279f-77cf-48eb-b5aa-d66c7bb72df2,all_low_scores,max_score=0.0313
a9952fbc-47de-4e43-84b4-792214d8b4e9,all_low_scores,max_score=0.0312
aa685ba9-aabd-4fcc-833a-6ddb056b8f79,all_low_scores,max_score=0.0318
abaa22b3-4fda-4365-87af-cbaa513517aa,all_low_scores,max_score=0.0288
ac959d2c-3d5d-46a7-b2c7-e7da6cdac34d,all_low_scores,max_score=0.0313
acda7041-07c4-4add-bf68-183203e3dbf9,all_low_scores,max_score=0.0489
aeaf88f1-1c63-450b-ba7a-088867303127,all_low_scores,max_score=0.0469
af462d06-7c39-4545-9069-e8a4d6889806,all_low_scores,max_score=0.0323
af4bad40-ee6d-46e1-bf6f-673513dec233,all_low_scores,max_score=0.0167
b03e2e34-95b6-4264-8042-4d39ad76d21f,all_low_scores,max_score=0.0460
b06348e2-05ce-4b0a-bce5-724494461b13,all_low_scores,max_score=0.0318
b0b17244-af3f-4678-ad9f-bba4b71dcfbf,all_low_scores,max_score=0.0461
b0b7a170-2120-4dac-aef6-4309a0088247,all_low_scores,max_score=0.0467
b1329783-79c7-4de3-9be8-73be853a7a41,all_low_scores,max_score=0.0325
b221a7ab-29d2-4ae3-927d-7d13147ae5ed,all_low_scores,max_score=0.0313
b2c0632e-d1b4-4928-a760-46e9b4377393,all_low_scores,max_score=0.0460
b362625d-e7ea-40f4-8973-2caa022130ab,all_low_scores,max_score=0.0455
b3bf8bde-f024-4b6d-bd4c-4d3449861976,all_low_scores,max_score=0.0465
b43a8783-0b36-47d2-8475-6d0b62c484e7,all_low_scores,max_score=0.0484
b4d5524e-2c09-4611-827f-dff2ba9388f4,all_low_scores,max_score=0.0469
b5590d05-9b04-4e2a-92db-c5e9ae1193a7,all_low_scores,max_score=0.0475
b56d74c4-6158-4087-ace2-91848c70cf3b,all_low_scores,max_score=0.0318
b5ee3634-3168-458c-9e7a-7f74968c3c6f,all_low_scores,max_score=0.0474
b6366318-03cb-426c-a879-118838619933,all_low_scores,max_score=0.0320
b6519b50-8e71-4385-94b2-a2828598ead6,all_low_scores,max_score=0.0323
b68dc359-db51-4025-a2e6-652627036ad5,all_low_scores,max_score=0.0294
b6e1d605-7b61-4203-8fd7-af27c1d6b887,all_low_scores,max_score=0.0315
b77e4720-af5c-4a92-bccc-7b52aa4d9819,all_low_scores,max_score=0.0313
b7b479b4-eb09-4892-8af8-e88a040f3d4b,all_low_scores,max_score=0.0305
b9a6d7cd-27c8-4ff0-aa4e-bd387bfc453f,all_low_scores,max_score=0.0325
ba6dc6b6-dbf7-4588-b83c-1c1becc97eae,all_low_scores,max_score=0.0459
ba915f64-fe99-44e5-b19f-a63c51035e83,all_low_scores,max_score=0.0452
bac90278-b6f6-4f5a-847d-370e45e92d99,all_low_scores,max_score=0.0315
bb281ca9-26c6-4882-ac99-ed7a296e0d04,all_low_scores,max_score=0.0328
bb83c6dc-b113-4c37-bf2b-007738d0da77,all_low_scores,max_score=0.0320
bcc7d9ec-bf6a-41cb-ae1a-b921bc6a0617,all_low_scores,max_score=0.0318
c01152b1-17db-4800-9406-c8fb8ed73fbe,all_low_scores,max_score=0.0167
c08937e0-ae20-4521-998b-c834142760be,all_low_scores,max_score=0.0313
c0e4463b-1ce2-4e69-8592-42b5ffa61f50,all_low_scores,max_score=0.0442
c1ff8391-c300-4bfe-9c74-308e17bd1568,all_low_scores,max_score=0.0323
c2896bcf-dcfd-41a0-917f-d3095b575f81,all_low_scores,max_score=0.0307
c2e0d4c7-e1ea-4d69-a000-20a326f023a5,all_low_scores,max_score=0.0470
c32c82de-a06a-47a2-9b5b-2140026dd918,all_low_scores,max_score=0.0167
c3c5b697-5609-4713-a440-3d38db62d6ac,all_low_scores,max_score=0.0325
c5483a53-c722-4583-a16c-46b58f23f324,all_low_scores,max_score=0.0450
c5c926ec-a148-40d9-8d35-7d0968f4cc62,all_low_scores,max_score=0.0436
c6363790-df2d-47f1-8b59-849c8f3be311,all_low_scores,max_score=0.0318
c6526e72-828c-4769-ae14-43b04bf629cd,all_low_scores,max_score=0.0311
c73e6215-f7cf-41b1-aacc-8d10cc86fb48,all_low_scores,max_score=0.0419
c760a8ae-de33-47bf-bde1-5bb414447092,all_low_scores,max_score=0.0167
c7690b3e-f495-4378-a2a9-b58481099c80,all_low_scores,max_score=0.0292
c7d0cb6d-894f-4700-a9b7-0403d342e600,all_low_scores,max_score=0.0320
c92991f1-fa6b-4dff-96ba-0528c6ac6cb3,all_low_scores,max_score=0.0479
cc78c2f2-4d4b-458c-80a5-fac7e3b1ccc5,all_low_scores,max_score=0.0474
cc90c3a0-169d-403a-baee-b80fcc119819,all_low_scores,max_score=0.0477
cd5b798f-283c-49c5-b9cf-1215d199b925,all_low_scores,max_score=0.0286
ce9587cf-af16-4170-ba70-dc266b341c1c,all_low_scores,max_score=0.0436
ceb7705f-e9b0-4c11-85d3-6c480b604151,all_low_scores,max_score=0.0448
ced51279-8e65-4d04-a15b-6d278c595c85,all_low_scores,max_score=0.0167
cedde1af-8709-4ada-9bb2-8c948c3524c4,all_low_scores,max_score=0.0278
cee5e9a5-1b3d-4f10-9251-ceba550e202f,all_low_scores,max_score=0.0471
cf174e72-cc13-4a1d-8554-fcbf537ab3d5,all_low_scores,max_score=0.0325
cf7f04e2-39ea-4489-9582-64d64baf5c84,all_low_scores,max_score=0.0328
cfb12cc3-33a0-4397-a70e-c80a284fc930,all_low_scores,max_score=0.0446
cfe1e6ae-39a4-4fb6-aabb-38571e2c0a7d,all_low_scores,max_score=0.0323
d07785ad-ee07-43e0-a62e-dfe311fa6e1d,all_low_scores,max_score=0.0317
d1256117-3f2a-495c-bc16-f08aed933062,all_low_scores,max_score=0.0313
d15f0910-85d0-49de-9a87-cd8b65e203c9,all_low_scores,max_score=0.0308
d20cf5fd-c775-468e-92a8-85d12a0ac794,all_low_scores,max_score=0.0487
d26480b6-a396-44a8-97f6-15e2cca8c216,all_low_scores,max_score=0.0489
d2786f18-9964-44bd-9d62-12e76512cf2d,all_low_scores,max_score=0.0313
d2d188ce-8720-425d-94cc-65a6b90e3282,all_low_scores,max_score=0.0167
d3e20889-fb61-456e-8129-ea40cd681e3e,all_low_scores,max_score=0.0308
d59f26d3-a634-4dc6-9c5d-cce8ebc71bff,all_low_scores,max_score=0.0430
d5d73cd7-51b2-4eb4-a839-f24340d1b6e5,all_low_scores,max_score=0.0464
d5e9a5ea-f384-4e4a-823e-1df377413093,all_low_scores,max_score=0.0328
d625d3b0-5099-4c62-b12b-8b8d7084790c,all_low_scores,max_score=0.0489
d65638f3-ba8f-4f37-bcfd-d5838c8842cd,all_low_scores,max_score=0.0476
d6907839-1199-4b1a-aa28-4fdcf09ec54b,all_low_scores,max_score=0.0307
d6f5ebc3-5a11-461d-9848-9a7f48bb9538,all_low_scores,max_score=0.0320
d8f903a8-bf0b-49e5-806e-c010fc76026c,all_low_scores,max_score=0.0328
d95ed62d-1d51-4ccc-a5ff-898884fd1f15,all_low_scores,max_score=0.0313
d991bc4e-9536-447d-9d76-ce0788c1f962,all_low_scores,max_score=0.0471
d9cd5a69-6902-4880-b0e5-fdcecfcb48bf,all_low_scores,max_score=0.0167
da625182-a1bb-433e-9ade-d49fd3e884a5,all_low_scores,max_score=0.0463
dab294f7-a79d-48f5-af95-eff5ef9fab6e,all_low_scores,max_score=0.0318
dac3c153-3186-495a-aebc-09ab5949fb21,all_low_scores,max_score=0.0323
db1c0b1d-c8ba-45ed-b5f0-5ca49221ba89,all_low_scores,max_score=0.0315
db4934be-c089-4e43-95fa-8ebc7cfa24d5,all_low_scores,max_score=0.0467
dbcf6a51-20a9-40c7-a5f0-c539f06170c8,all_low_scores,max_score=0.0481
dd93361a-f639-4b26-852d-e2f4985ccf07,all_low_scores,max_score=0.0479
ddbcf1ca-318b-4c3d-97df-ee016727d260,all_low_scores,max_score=0.0323
de6ebd6a-d71a-46c9-920f-fe17558e158e,all_low_scores,max_score=0.0452
deee9f33-9672-41d1-ab6f-994b8e41738f,all_low_scores,max_score=0.0425
e1f59c4d-2a45-4ae0-8a36-6f3cb897b53d,all_low_scores,max_score=0.0167
e21f8086-87e6-4c67-a7e5-f6b63d831342,all_low_scores,max_score=0.0456
e282f473-753b-4349-b8ce-14706e92654f,all_low_scores,max_score=0.0325
e3790259-51b5-40c6-bda5-7064f09b09c8,all_low_scores,max_score=0.0444
e3cb0d83-0836-42c5-8de9-14dc755d2b88,all_low_scores,max_score=0.0315
e3db200a-81f5-4522-bf01-6a605ba9581d,all_low_scores,max_score=0.0294
e43cd97d-2689-4ec1-b010-25771fd1525a,all_low_scores,max_score=0.0481
e4ca8da0-389a-4f60-8b0b-35a1c2125d80,all_low_scores,max_score=0.0325
e54874db-e3b4-4824-9ba6-c13b57041834,all_low_scores,max_score=0.0484
e5a970d6-a230-4603-9e9c-27a1a4e1338b,all_low_scores,max_score=0.0472
e611137b-b0f8-4ed4-bec0-25b7dd1c6a91,all_low_scores,max_score=0.0325
e6e1e46f-a31d-4b20-a296-f5a75995f2c9,all_low_scores,max_score=0.0320
e7737246-539a-4ee7-aa0e-b9ab91e4178e,all_low_scores,max_score=0.0167
e7d85af9-38f6-49ef-818c-be771b645ed5,all_low_scores,max_score=0.0315
e865c771-ff8b-4b77-b6d0-a55003f1fc4d,all_low_scores,max_score=0.0167
e9187378-12a6-4bfa-a6e1-0338ea9bcd57,all_low_scores,max_score=0.0303
e9e18c32-2ccc-4244-bd3e-4f7281f26b87,all_low_scores,max_score=0.0410
eb4912a1-715d-441b-bd84-c0d533b96038,all_low_scores,max_score=0.0422
eb820fef-f6d3-4235-822f-bdef0a3457bf,all_low_scores,max_score=0.0412
eb8bb643-6537-46b0-b42d-702a3dc3d437,all_low_scores,max_score=0.0328
ebab61ff-dd0a-4104-ad22-711b3ee3485e,all_low_scores,max_score=0.0405
ed21f834-1625-4f6c-aee3-978500509276,all_low_scores,max_score=0.0442
ed6aa4c6-7e43-4cff-898b-baee8996c304,all_low_scores,max_score=0.0318
edd1e4ed-038f-4c15-bd5b-6223e204a6c9,all_low_scores,max_score=0.0167
ee0a3e6e-638a-4bf2-8d94-ca93704049ba,all_low_scores,max_score=0.0457
ee1fa91b-f40a-4a6a-bcf4-fc8d0345bacc,all_low_scores,max_score=0.0445
ee706abd-d8bd-45ab-8a71-ecb2684a0aab,all_low_scores,max_score=0.0167
eef08cc1-e341-4aa3-98bc-88b0ca2c7420,all_low_scores,max_score=0.0318
ef0a3d73-98e9-4553-a741-274e2a645829,all_low_scores,max_score=0.0313
ef853143-54bf-4a93-8a94-c543dec24e89,all_low_scores,max_score=0.0449
efe7b586-4d3e-46d5-85fc-48f9ba213c27,all_low_scores,max_score=0.0474
f068e3b1-bdc4-44f2-8aa8-05da1ab7e2f1,all_low_scores,max_score=0.0413
f10ccd76-12be-4457-972b-18edffca5ff2,all_low_scores,max_score=0.0436
f1241f01-05a8-49b8-82df-744fcee2c295,all_low_scores,max_score=0.0313
f3929c3a-d25b-412d-9c92-b51f0862a408,all_low_scores,max_score=0.0318
f4aae70c-b1a6-404a-b61f-dc653e4a8dff,all_low_scores,max_score=0.0167
f50b0b2f-0b8b-4a17-a30f-306f34190ac7,all_low_scores,max_score=0.0471
f526f110-bb06-42c0-bc05-0b68e4e4c976,all_low_scores,max_score=0.0278
f53754ef-9c4e-482f-84d3-9bd0a6a8c892,all_low_scores,max_score=0.0472
f58b0287-c317-49b2-a579-1d4572bd20b7,all_low_scores,max_score=0.0484
f614a284-2bf0-441b-b1c3-b7a2e36afa17,all_low_scores,max_score=0.0310
f62ca042-85c6-4743-b423-06a24bae2b8b,all_low_scores,max_score=0.0487
f64262de-94e2-478e-9a61-ac22b70a0e03,all_low_scores,max_score=0.0438
f648aa5d-7028-46c5-a871-909269639fcc,all_low_scores,max_score=0.0310
f6569c08-77a1-4bd7-8693-31bbb2e1da2d,all_low_scores,max_score=0.0434
f7440437-ad2d-4d8c-9f64-40602c8c09f1,all_low_scores,max_score=0.0469
f81d3b7e-8e65-43ac-befa-76aa2fd665b2,all_low_scores,max_score=0.0456
f86682f5-30e6-4c9f-bc5c-6998d2ab5dbc,all_low_scores,max_score=0.0434
f9f8c48c-42b3-4d41-bbba-fdc274484fa7,all_low_scores,max_score=0.0328
fa04b794-1a4e-4ef0-805e-3ee41ca9b71c,all_low_scores,max_score=0.0303
fa13b84d-27fa-4089-a43f-bf45285b1af2,all_low_scores,max_score=0.0318
fa1f50f8-62b7-4630-a06a-07d9e0531a98,all_low_scores,max_score=0.0439
fa427d9f-6b56-452f-9d2d-9cfd4f5d647f,all_low_scores,max_score=0.0167
fa6d6937-770f-4f8e-bea2-ec960765b84d,all_low_scores,max_score=0.0420
fa82bdf3-de68-408b-9488-bdceb6f04ffd,all_low_scores,max_score=0.0318
fb59a507-2cf0-4008-8997-46dac60d88a7,all_low_scores,max_score=0.0464
fcde020f-afc2-4318-8d2a-5065907f020e,all_low_scores,max_score=0.0474
fd3c2ef7-9655-4f1e-ae8b-8af79d724ae2,all_low_scores,max_score=0.0420
fd6b676e-8705-4e3e-8ecf-ca6eac2d058e,all_low_scores,max_score=0.0328
fdd59047-74b4-4762-bcea-0ffd38ba6085,all_low_scores,max_score=0.0306
fed7457b-4468-403c-bae4-893d1836ab3c,all_low_scores,max_score=0.0470
ff2df774-8d22-4909-ae19-95d426a89530,all_low_scores,max_score=0.0167
ff8bd0b6-7443-4449-bb30-9318db20262b,all_low_scores,max_score=0.0323
0469d164-946b-4011-8f5f-82cdf4b5c779,single_domain_results,unique_domains=1
07b5e1b9-ba79-48f2-9209-59012445cb46,single_domain_results,unique_domains=1
08110b45-75a8-4f4b-96fa-fc2c4bdc5343,single_domain_results,unique_domains=1
0be887d8-d8ae-4e6d-84d4-595c9aa34da9,single_domain_results,unique_domains=1
0c548aca-52b9-4c52-90a5-b741810aa77e,single_domain_results,unique_domains=1
1041e0d3-077e-4e87-84ca-47b2ac8368cf,single_domain_results,unique_domains=1
1553a1a5-d9d9-419e-90a5-1fa6a48bd4e2,single_domain_results,unique_domains=1
24e0f50d-7de8-4820-b744-95a7fadfdcfe,single_domain_results,unique_domains=1
294d61f6-f5c1-4b54-bf10-8b860d7cfae2,single_domain_results,unique_domains=1
29e6ff29-8eba-444f-8750-cd59005d2ef9,single_domain_results,unique_domains=1
41358de3-5cdc-4bbf-9f82-aff021650f35,single_domain_results,unique_domains=1
4fe7a378-adfe-4eef-af26-bb947e17c233,single_domain_results,unique_domains=1
5229f521-bbb6-4856-8d90-bcb281430eeb,single_domain_results,unique_domains=1
5c010dee-f8ac-4b90-bbde-11ed5837ddd5,single_domain_results,unique_domains=1
6e615698-e56c-4c2f-8e86-dd0fba584b32,single_domain_results,unique_domains=1
71afc7ef-6a47-4ec1-960d-9100a35b3ebb,single_domain_results,unique_domains=1
792d85ca-7785-4d20-aa5f-91cb8056fe51,single_domain_results,unique_domains=1
8003a039-958a-41ff-9a41-ce0abdf619cb,single_domain_results,unique_domains=1
899eb188-05ce-49ec-ae12-83b8c61cce5e,single_domain_results,unique_domains=1
8acf41bc-af62-4f54-9d08-76aa3ebf8bc9,single_domain_results,unique_domains=1
9b50f5a7-0513-447e-89d2-ba4fb7e67a62,single_domain_results,unique_domains=1
b6519b50-8e71-4385-94b2-a2828598ead6,single_domain_results,unique_domains=1
c08937e0-ae20-4521-998b-c834142760be,single_domain_results,unique_domains=1
c6526e72-828c-4769-ae14-43b04bf629cd,single_domain_results,unique_domains=1
c7d0cb6d-894f-4700-a9b7-0403d342e600,single_domain_results,unique_domains=1
ccb7bd82-30cb-4954-9a8d-0b93afbe1462,single_domain_results,unique_domains=1
ced51279-8e65-4d04-a15b-6d278c595c85,single_domain_results,unique_domains=1
d07785ad-ee07-43e0-a62e-dfe311fa6e1d,single_domain_results,unique_domains=1
d6907839-1199-4b1a-aa28-4fdcf09ec54b,single_domain_results,unique_domains=1
d8f903a8-bf0b-49e5-806e-c010fc76026c,single_domain_results,unique_domains=1
e2465754-e157-4a70-89bf-c18f65aa111f,single_domain_results,unique_domains=1
e4ca8da0-389a-4f60-8b0b-35a1c2125d80,single_domain_results,unique_domains=1
ff8bd0b6-7443-4449-bb30-9318db20262b,single_domain_results,unique_domains=1
