cluster_id,size,top_terms
0,209,"graph, keyword, networkx, occurrence, python, extraction, keyword occurrence, library, keyword extraction, text"
1,140,"filetype pdf, pdf, filetype, pdf 2026, intitle, python, 2026 filetype, tutorial, tutorial filetype, beta"
2,117,"best practices, practices, best, sourcegraph, api, search, tavily, practices 2026, search api, sourcegraph com"
3,104,"org, arxiv, arxiv org, site, site arxiv, site duckdb, duckdb org, duckdb, org 2026, 2026 site"
4,268,"github com, site github, com, github, site, com 2026, 2026 site, hermes, python, agent"
5,199,"python, asyncio, library, python asyncio, async, python async, fastmcp, python library, tutorial, python fastmcp"
6,35,"gemini, gemini api, structured, google, output, flash, gemini flash, structured output, lite, flash lite"
7,77,"13, release, python 13, python, 13 release, 14, release highlights, highlights, python 14, 14 release"
8,203,"code, code search, search, github, api, search api, rest, sourcegraph, implementation, public"
9,1174,"intitle, api, agent, mcp, pi, search, site, github, md, duckdb"
10,42,"query, test, goal, test goal, query test, query query, goal 2026, example, example com, query 2026"
11,144,"polish, production, pl, spacy, poliner, clarin, huggingface, ner, kpwr, clarin pl"
12,40,"laptop, best laptop, coding, laptop coding, best, coding 2026, life, long battery, battery, battery life"
13,58,"lang en, en, lang, en 2026, pdf lang, filetype pdf, pdf, filetype, python, intitle"
14,178,"web, web search, search, techniques, query, provider, 2024 2026, 2024, nlp, python"
