domain,appearances
github.com,1492
,1418
docs.python.org,262
arxiv.org,255
pypi.org,159
medium.com,135
en.wikipedia.org,81
blog.csdn.net,80
huggingface.co,78
sourcegraph.com,77
duckdb.org,73
youtube.com,73
docs.github.com,70
deepwiki.com,61
stackoverflow.com,59
news.ycombinator.com,56
ai.google.dev,53
researchgate.net,52
emergentmind.com,45
reddit.com,45
linkedin.com,44
dev.to,42
runebook.dev,40
aclanthology.org,38
exa.ai,37
lobehub.com,37
networkx.org,36
docs.openwebui.com,36
dl.acm.org,31
lemmy.durstig.online,31
oneuptime.com,28
docs.firecrawl.dev,27
developer.atlassian.com,27
gist.github.com,26
superfastpython.com,26
mcpservers.org,26
web.archive.org,26
openrouter.ai,26
docs.sourcegraph.com,25
gofastmcp.com,25
