provider,n_calls,n_success,avg_ms,n_errors,success_rate
gemma,1242,176.0,11486.729269346248,451.0,0.142
searxng,626,495.0,5290.050407317001,128.0,0.791
ddg,625,623.0,2728.1829913178603,0.0,0.997
degoog,622,377.0,8067.474385645789,201.0,0.606
brave,620,599.0,2305.0941892230617,4.0,0.966
composio_llm_search,618,537.0,4640.0247535135,79.0,0.869
qdrant,618,359.0,3012.5600108850103,256.0,0.581
langsearch,600,473.0,3802.4889157754674,121.0,0.788
serpapi,579,147.0,4985.505530038791,372.0,0.254
brightdata_yandex,387,38.0,17083.34827183213,3.0,0.098
brightdata_bing,387,103.0,15586.27338070786,1.0,0.266
serper,259,229.0,1884.0342424755625,30.0,0.884
brightdata,251,187.0,9305.814972936712,9.0,0.745
tavily,186,171.0,5082.223954304383,15.0,0.919
search_router,110,110.0,2549.172495453149,0.0,1.0
reddit,7,7.0,2227.7142857141307,0.0,1.0
hackernews,7,7.0,912.9999999998485,0.0,1.0
sourcegraph,7,6.0,3269.999999999917,0.0,0.857
gitlab,7,0.0,564.8571428572008,7.0,0.0
github,7,7.0,857.1428571428247,0.0,1.0
