run_key,n_results,n_unique_links,n_unique_domains,dup_links,link_diversity,domain_diversity
0038e066-c8aa-40ce-8b94-579cbd33481b,15,15,4,0,1.0,0.267
00b7f89e-cdd6-4e34-9a90-bbda53733270,15,15,13,0,1.0,0.867
00c5f463-637d-45b7-b678-f4e73f626be4,15,15,7,0,1.0,0.467
00e768ca-a5a6-461f-abac-3b5177931001,15,15,11,0,1.0,0.733
01549a9c-6584-4a48-ba0d-5e84a6501b44,15,15,15,0,1.0,1.0
01b2cda2-a67f-4d20-adc9-94b1bd6fd512,15,15,4,0,1.0,0.267
02fc1e93-26d3-4eed-a32e-23243f9dde04,15,15,2,0,1.0,0.133
0372cd8c-0ec9-47a6-a000-462a4c548328,15,15,10,0,1.0,0.667
03f35ad2-d6f2-4236-b6c5-00ccec5170e9,15,15,5,0,1.0,0.333
043800f7-15a3-429c-a376-563dba27306b,15,15,7,0,1.0,0.467
0469d164-946b-4011-8f5f-82cdf4b5c779,15,15,1,0,1.0,0.067
0491dcc1-ddd2-4bf1-84dc-3f2634f5de47,15,15,11,0,1.0,0.733
04f32696-5534-40f6-af39-ce76be29fd82,15,15,15,0,1.0,1.0
061a473d-d879-4855-b7d2-50d5a0777dbc,15,15,11,0,1.0,0.733
06311970-fc29-4973-8156-cae47ed0d8f0,15,15,7,0,1.0,0.467
065cfc03-c130-4846-9a18-b857a5765fe3,15,15,8,0,1.0,0.533
06e23e53-ca20-48f5-b64b-ece1e231ea44,15,15,4,0,1.0,0.267
06eed339-934e-4087-90ce-a6e2569befdf,15,15,8,0,1.0,0.533
074ddc77-e0a4-46f5-826e-0a6868e6d787,15,15,5,0,1.0,0.333
078375dc-4a8a-4dd7-8b2f-2df9ef3dc009,15,15,15,0,1.0,1.0
07b5e1b9-ba79-48f2-9209-59012445cb46,15,15,1,0,1.0,0.067
07fe6bfb-db63-4635-8d6c-7aae4c1dfc06,15,15,11,0,1.0,0.733
08110b45-75a8-4f4b-96fa-fc2c4bdc5343,15,15,1,0,1.0,0.067
08142df9-4005-4840-9b7d-8cba94da0494,15,15,13,0,1.0,0.867
082236f4-68b8-4781-b25e-93591178d839,15,15,9,0,1.0,0.6
08d0fb2a-aa2d-4883-81af-c9c77c23c2cb,15,15,11,0,1.0,0.733
08da862b-3d9a-4ab3-94b2-1cae75d41721,15,15,10,0,1.0,0.667
08e3dda3-bea2-4793-8f91-be14333af84f,15,15,2,0,1.0,0.133
09e08bde-9670-4f6f-98b1-0f80b2106b05,15,15,4,0,1.0,0.267
0a032d91-13a3-4c3b-8b72-f2c0e7a9b813,15,15,6,0,1.0,0.4
0a057781-bdf2-4f0b-9ea6-28bce8d08679,15,15,9,0,1.0,0.6
0a179a47-5a4c-4b2f-ad83-0714fcd32802,15,15,12,0,1.0,0.8
0a7fdcde-1509-4732-8d14-c330585f6cc9,15,15,6,0,1.0,0.4
0a9c269e-5c8d-4125-9165-bf2f57cbb059,15,15,8,0,1.0,0.533
0ab947a0-95eb-4ad8-b6ee-0d121e753246,15,15,13,0,1.0,0.867
0b04d220-451b-463b-9a92-2c32bc572d4b,15,15,3,0,1.0,0.2
0b2d081c-ffaf-48c3-9edf-0e52b2977a51,15,15,3,0,1.0,0.2
0b9624d1-741d-4c53-9cae-a0216a0b80d3,15,15,9,0,1.0,0.6
0be887d8-d8ae-4e6d-84d4-595c9aa34da9,15,15,1,0,1.0,0.067
0c548aca-52b9-4c52-90a5-b741810aa77e,15,15,1,0,1.0,0.067
0cecc4ef-f05b-4253-8240-6f3d49501026,15,15,12,0,1.0,0.8
0d25eaee-5561-4d33-ad7d-d5a69f6aa823,15,15,14,0,1.0,0.933
10205441-53b0-435c-92fc-aedb6b6825af,15,15,3,0,1.0,0.2
10373513-d80f-4bc1-8352-8178e0a11fdb,15,15,12,0,1.0,0.8
1041e0d3-077e-4e87-84ca-47b2ac8368cf,15,15,1,0,1.0,0.067
1072a343-7d01-44b6-83d2-ab297aa54dd9,15,15,13,0,1.0,0.867
10c276b0-8e6d-4a1b-a14a-a85e5816f82f,15,15,4,0,1.0,0.267
10fbd5a4-703b-47e3-bde1-7c0c008ea94c,15,15,3,0,1.0,0.2
11d88e70-c545-4cad-8ca2-c43b72661634,15,15,9,0,1.0,0.6
11ed16db-213f-4a4a-903a-83b285759471,15,15,8,0,1.0,0.533
121471e2-68bc-4724-9c88-ae5d8b7cb005,15,15,12,0,1.0,0.8
13178e4d-506f-45d4-a984-5fa3c84f205a,15,15,6,0,1.0,0.4
14329d0c-fa2d-4cc9-89f9-8c9664936524,15,15,7,0,1.0,0.467
14afbf93-a7b9-4fa9-915b-38890f98b548,15,15,13,0,1.0,0.867
14cd39de-3fd3-400e-8ded-4ac62a4449c4,15,15,11,0,1.0,0.733
150ea450-50bf-48d5-8758-0d7483d84dc1,15,15,13,0,1.0,0.867
1553a1a5-d9d9-419e-90a5-1fa6a48bd4e2,15,15,1,0,1.0,0.067
1559aa8a-8a05-4d7a-abde-b98f2d1f463d,15,15,2,0,1.0,0.133
157b2a73-63d4-4b6f-a920-61619492c058,15,15,13,0,1.0,0.867
159fb71f-42c6-4cdc-9977-4b0c6748579d,15,15,10,0,1.0,0.667
15b42d8a-31f9-47e0-88f1-8919c53fefba,15,15,8,0,1.0,0.533
16609785-36c3-42a2-b315-ac8958f59d30,15,15,3,0,1.0,0.2
1674d04e-d964-43c3-956c-1e200a89cce3,15,15,7,0,1.0,0.467
168c5d77-2e2e-4aa3-93d7-9be5f0a16be8,15,15,2,0,1.0,0.133
16985833-c733-4e74-ae40-bd38b150ec53,15,15,9,0,1.0,0.6
16b5e635-462a-43a2-8327-5c2e475e2968,15,15,14,0,1.0,0.933
16be6f6d-2aa9-43f2-afd3-f7c42775898e,15,15,5,0,1.0,0.333
16cfad6c-8311-4309-b7e8-37e8540a5e4f,15,15,9,0,1.0,0.6
17ea1326-b8c3-4859-ae9a-c6412f38f1e0,15,15,12,0,1.0,0.8
18db6b8c-c80d-4ca0-800b-f6ad19687874,15,15,12,0,1.0,0.8
1a42782a-4b23-4f5e-8782-ac26e2bd2b49,15,15,11,0,1.0,0.733
1a57af3f-a4f5-4f5a-8654-9d3ce652530c,15,15,11,0,1.0,0.733
1a9dde98-62bf-4200-90c8-96fa7e5f258f,15,15,15,0,1.0,1.0
1ad7cac7-6dc6-41dd-b976-393163ac7800,15,15,10,0,1.0,0.667
1ae9cf32-a465-4930-8f93-8ff8e7e372a0,15,15,9,0,1.0,0.6
1afc4490-367c-491d-b355-4547ed98af20,15,15,11,0,1.0,0.733
1b0ca779-e25e-40be-be74-fae4e26eea68,15,15,15,0,1.0,1.0
1b7d9fbc-5bf7-4fec-b737-8d9f560535f0,15,15,8,0,1.0,0.533
1c32f2eb-e71a-4f5e-8a73-def9acdd950b,15,15,8,0,1.0,0.533
1d6a40ad-7c5c-40d0-b87d-0ca1072cc041,15,15,2,0,1.0,0.133
1dbe046d-6c33-410a-99be-f49e684883ec,15,15,12,0,1.0,0.8
1ede234a-9e13-48ee-9e3d-dea67eeb8871,15,15,8,0,1.0,0.533
2008d8ce-c85d-48f3-80e4-1954371e8bdd,15,15,8,0,1.0,0.533
20157b1a-a4a2-42d5-94fb-b25b1d6faebc,15,15,7,0,1.0,0.467
209942f8-127b-4501-84ab-d2237b2db44c,15,15,6,0,1.0,0.4
210d04ed-6a7c-49fb-85f5-719bbbc26436,15,15,5,0,1.0,0.333
212bed68-e98a-403f-bc52-3169caf47dbc,15,15,9,0,1.0,0.6
22024a58-83d3-42da-a688-da03c11bc0d6,15,15,5,0,1.0,0.333
2205c05a-5a41-40b5-a06d-359f98792516,15,15,2,0,1.0,0.133
23274dcc-cc03-4a1b-926e-300d7bc1f82f,15,15,4,0,1.0,0.267
232ab87d-c137-4dc8-bfb6-6a2ca93492fe,15,15,13,0,1.0,0.867
232f4b01-da33-4f12-ad55-aaec7544cf87,15,15,11,0,1.0,0.733
23600e58-b80a-4ab7-aeef-9bbc2bbab0ea,15,15,6,0,1.0,0.4
237e6c8a-0750-40d2-a8f9-351e85f9aea3,15,15,9,0,1.0,0.6
23cd58af-a8fa-488e-8bae-ef479fdf5cbd,15,15,8,0,1.0,0.533
23cea32b-0ff5-46df-be99-d95ab67015f6,15,15,13,0,1.0,0.867
2444ee7c-ecbc-4c24-aa1c-f1ab20d85f7d,15,15,7,0,1.0,0.467
24e0f50d-7de8-4820-b744-95a7fadfdcfe,15,15,1,0,1.0,0.067
24f74c5a-5a75-4c91-83e8-65fdd4565f68,15,15,11,0,1.0,0.733
2508b6fe-faf2-4557-ae11-276c2eaf4442,15,15,13,0,1.0,0.867
25383109-3d4d-4a61-9183-20af84162fb9,15,15,2,0,1.0,0.133
25a7f8be-342a-4fcc-bdb5-2b1b8027639b,15,15,12,0,1.0,0.8
25b37bdc-b4db-4715-ba3a-cb6c54e03ff3,15,15,9,0,1.0,0.6
2600e567-407e-4469-a2ff-4cca36353988,15,15,11,0,1.0,0.733
26c97e89-5440-43ef-9cca-3088c179a843,15,15,10,0,1.0,0.667
2734a0bc-625a-44e8-8bdf-ddb8c42fe1a1,15,15,8,0,1.0,0.533
278436f3-c5aa-4573-ad03-d8d814aed9df,15,15,12,0,1.0,0.8
28f114f2-8f03-460d-80c7-8703f582eabd,15,15,11,0,1.0,0.733
294d61f6-f5c1-4b54-bf10-8b860d7cfae2,15,15,1,0,1.0,0.067
2958b8e6-5553-4ab6-9abe-d3c76fc5eb23,15,15,13,0,1.0,0.867
29998019-40f5-4757-a30d-059fa8782236,15,15,12,0,1.0,0.8
29e6ff29-8eba-444f-8750-cd59005d2ef9,15,15,1,0,1.0,0.067
2a0dc77b-8928-4fc5-ae82-04eaf5dabde0,15,15,13,0,1.0,0.867
2a467b8d-30e3-4166-8179-d3a96d6c1706,15,15,7,0,1.0,0.467
2ac8bbcd-4855-4f39-b339-60b095d8ed7a,15,15,10,0,1.0,0.667
2b4b4d27-ba4f-48f0-bee6-e086df894c11,15,15,3,0,1.0,0.2
2b97ee7f-e52f-4b5d-bb24-76e5e0f17dee,15,15,3,0,1.0,0.2
2c0064d3-4568-4d9a-9ebd-26d9232483cd,15,15,9,0,1.0,0.6
2d8d7be9-318d-4b8b-8a5e-41216db148c7,15,15,11,0,1.0,0.733
2f1e95d7-c8ec-4802-b6a6-891315aa1704,15,15,7,0,1.0,0.467
30c226e2-dcfb-45a7-9bb6-6f9ac104b004,15,15,11,0,1.0,0.733
31a8738c-5d51-43f2-8539-6e3ccb788939,15,15,6,0,1.0,0.4
31d33787-f98b-4632-b7d0-1a8cdcbf4a30,15,15,4,0,1.0,0.267
334a6e3e-ae22-43b8-aaa6-e3a3963099eb,15,15,11,0,1.0,0.733
33ddf1bc-cb47-4755-bae3-1bba55c20ad1,15,15,6,0,1.0,0.4
34b6c06e-dc8a-4e96-9cf0-8ec0852f15c7,15,15,13,0,1.0,0.867
35167059-fa9f-468e-945c-6d44c7f9f5cf,15,15,4,0,1.0,0.267
35f00641-0af3-4148-80ef-65560ac62975,15,15,2,0,1.0,0.133
3708be34-083f-4770-a8df-94eedda24dc3,15,15,11,0,1.0,0.733
38237a35-cdb4-4974-b87a-dbfa8d98e331,15,15,3,0,1.0,0.2
38d79892-cbe4-4f5e-a368-d21f269d33fd,15,15,11,0,1.0,0.733
396ed137-ff6e-4542-a156-ed62e9c9df57,15,15,4,0,1.0,0.267
39e14779-b329-4d7c-b376-f587d6ff6c89,15,15,8,0,1.0,0.533
3a216269-db7c-43f0-83fc-5492401724ee,15,15,13,0,1.0,0.867
3afcb934-c8a9-40ca-8b34-f00a26cf0753,15,15,14,0,1.0,0.933
3bbdf982-3527-4b8a-9c40-59b4ee575b46,15,15,7,0,1.0,0.467
3c1581a7-b415-4721-8457-54371dfb54e6,15,15,5,0,1.0,0.333
3d41e1b5-3913-43ee-ae79-284ff3c359e1,15,15,2,0,1.0,0.133
3d80fc9a-0064-4231-aa23-f088e898ab0d,15,15,13,0,1.0,0.867
3d9272d7-c886-4fb7-9905-48dba8fef9b9,15,15,9,0,1.0,0.6
3ddf4189-b401-4583-b3de-18eda8178e4f,15,15,7,0,1.0,0.467
3e027faa-b697-49f4-abbf-89a32777b196,15,15,9,0,1.0,0.6
3e50e21d-762c-4bba-addd-983c63cdfa34,15,15,3,0,1.0,0.2
3e907bf1-1860-45a3-8c78-38a7ce91f2fa,15,15,8,0,1.0,0.533
3f1d1563-32dd-441b-920a-a5321315f33b,15,15,9,0,1.0,0.6
3f837b51-6d50-444e-b6ce-c1ac25c8de63,15,15,7,0,1.0,0.467
3fb982d8-a8ee-4e0d-a217-16ab98b6dbc9,15,15,11,0,1.0,0.733
3fe05733-8253-46a2-924c-bb0cedbe290e,15,15,7,0,1.0,0.467
401c7553-e71f-43b8-84eb-2ffc0c258c4d,15,15,11,0,1.0,0.733
401fe955-f6ef-492d-a3a7-cdafa1ecc468,15,15,15,0,1.0,1.0
4083d219-574b-4765-91ee-2cb8dd0494ac,15,15,6,0,1.0,0.4
41358de3-5cdc-4bbf-9f82-aff021650f35,15,15,1,0,1.0,0.067
41ad24db-fa71-49c8-a9c0-7058cb87988f,15,15,14,0,1.0,0.933
41b36f9a-d24c-4243-a1ab-741ca503a2f8,15,15,6,0,1.0,0.4
422a18d3-971e-4a2f-bb0f-e0bca5fc641c,15,15,10,0,1.0,0.667
4237ecf2-7ee0-480b-97a7-ec5a4fa9cce9,15,15,15,0,1.0,1.0
433d7d7f-4152-4c71-ba5b-01e27c4f52ed,15,15,12,0,1.0,0.8
43ae5558-52bb-4eda-a38c-714274e837f6,15,15,12,0,1.0,0.8
445116d6-60ac-43f4-9e32-8194e6c8c064,15,15,4,0,1.0,0.267
448e0fc0-b3e8-4172-85a6-200305eeb55e,15,15,11,0,1.0,0.733
45718589-5772-4aec-8576-dc2de07e48e7,15,15,10,0,1.0,0.667
4625070b-8780-45d0-961c-a9463854ce9c,15,15,6,0,1.0,0.4
46e10105-8e18-4f03-a97f-43e9b3db206f,15,15,5,0,1.0,0.333
47a6723e-28ce-42aa-ab5f-7811dafa5c1a,15,15,6,0,1.0,0.4
48c59936-e018-4ef0-b519-13adf421b183,15,15,9,0,1.0,0.6
4973464b-94f0-44b1-871f-ea7332e3a647,15,15,2,0,1.0,0.133
4b9df8f2-e4ee-4e76-aa4c-fbef17e78372,15,15,9,0,1.0,0.6
4ccd808f-d969-4018-8f65-65b780b10991,15,15,8,0,1.0,0.533
4d040c3c-945c-44c2-b2a8-7a3a0e027610,15,15,7,0,1.0,0.467
4d27a4b0-eef8-4761-ba91-8abd44cfafe5,15,15,12,0,1.0,0.8
4d3c36c7-4869-48df-9b46-043fbc302a61,15,15,3,0,1.0,0.2
4dd421b5-9733-4798-9db3-3b6785e14770,15,15,8,0,1.0,0.533
4e7d0fa3-9fa7-4971-a6e8-3ad0e4bf0388,15,15,8,0,1.0,0.533
4eabe5e1-1a8a-4692-87ac-942b2f5e9488,15,15,2,0,1.0,0.133
4f1befd3-32bc-486e-9b48-8be7124d9bca,15,15,3,0,1.0,0.2
4f87a47e-10e3-454b-a9eb-38ee37248304,15,15,10,0,1.0,0.667
4fe7a378-adfe-4eef-af26-bb947e17c233,15,15,1,0,1.0,0.067
500cb1b0-b0c9-46e9-8961-f4dd06945140,15,15,6,0,1.0,0.4
502b3507-3501-4fda-a8cf-e15a07ea5fd3,15,15,2,0,1.0,0.133
50924a1a-4fe8-4cc0-ac0b-0ef3e39f1bbf,15,15,13,0,1.0,0.867
50ddb1c7-5916-4b9a-bbd4-e45b1eb8deb1,15,15,10,0,1.0,0.667
514b47fc-f747-468b-b354-f051d327d0c0,15,15,12,0,1.0,0.8
514fd566-7df6-4248-aa6a-92d610a839c0,15,15,3,0,1.0,0.2
51897f66-9e4b-4f3f-9ce3-01212ce18926,15,15,11,0,1.0,0.733
51acbb91-93a5-4828-8fd0-160941e54092,15,15,5,0,1.0,0.333
5229f521-bbb6-4856-8d90-bcb281430eeb,15,15,1,0,1.0,0.067
524f85ab-7574-4bd1-a225-b2b8bad8a6e2,15,15,11,0,1.0,0.733
53a937ae-ab54-4637-b954-68f8a06fd1a1,15,15,12,0,1.0,0.8
53f2c062-024d-4900-bc96-2bffc2631ab5,15,15,11,0,1.0,0.733
5453bd7b-8c66-41fa-84eb-1541c9160d68,15,15,9,0,1.0,0.6
55aa7be1-92e3-4e2e-bce8-0e2a1401cff1,15,15,7,0,1.0,0.467
577bda92-ad4a-4c66-b204-32763d1ea975,15,15,11,0,1.0,0.733
57f03947-852c-4a2f-a974-b8a3b6905c5b,15,15,4,0,1.0,0.267
57f5c239-0067-40f1-bb38-ff36e90336f9,15,15,12,0,1.0,0.8
598a7130-14d7-4741-98e1-d48b77250ed0,15,15,8,0,1.0,0.533
5a2b695f-2783-46a9-8f6c-98868a9f5002,15,15,10,0,1.0,0.667
5ab89d3a-625c-429c-a8a7-3f9aff30d21c,15,15,2,0,1.0,0.133
5b91c1c2-6da3-4810-93c0-91f0e042d1d1,15,15,14,0,1.0,0.933
5c010dee-f8ac-4b90-bbde-11ed5837ddd5,15,15,1,0,1.0,0.067
5c0a23e7-9e86-470d-9333-6742c111791b,15,15,4,0,1.0,0.267
5c3bb872-51d7-416e-a5f6-48906f9a0ac9,15,15,9,0,1.0,0.6
5c82e586-e6b3-4c65-976b-9d356bce6edb,15,15,8,0,1.0,0.533
5d6e178d-ba86-41d1-ab73-fc79632eb398,15,15,14,0,1.0,0.933
5d74fb4b-b8df-49aa-b952-b09a20bd1674,15,15,13,0,1.0,0.867
5d8aab44-fe7a-45a4-ad9f-f928facc8539,15,15,8,0,1.0,0.533
5dd7a25e-c62b-4c98-a387-254f206555c4,15,15,11,0,1.0,0.733
5e441852-2609-45e8-9953-f93e90a60596,15,15,7,0,1.0,0.467
5f837868-5f48-47c1-a9ca-620fdcea6f55,15,15,3,0,1.0,0.2
5fa3d68e-521e-4981-86d1-a54e5dc9a804,13,13,6,0,1.0,0.462
607d4fb0-0f25-4f81-9b97-95c7a89010c0,15,15,3,0,1.0,0.2
620b01e4-0bd3-45a1-8e2d-4c9cfd165dc5,15,15,5,0,1.0,0.333
62203d2c-8711-431d-b73c-6f523b1a9fcd,15,15,10,0,1.0,0.667
6299675b-d32f-484d-a247-a80439860f1d,15,15,13,0,1.0,0.867
62aae3f6-ba45-40fb-8349-5b427141747b,15,15,4,0,1.0,0.267
6304e95c-30c8-4e11-aea3-38233a79ccc1,15,15,7,0,1.0,0.467
6310b0f1-bd46-46d7-b94a-4aec48d22452,15,15,11,0,1.0,0.733
636dd0bb-0367-47fc-aec9-5f54ee89134a,15,15,15,0,1.0,1.0
63dab63f-afa3-485e-bea8-1086c132ca45,15,15,15,0,1.0,1.0
6413f295-f00f-47d3-b1fa-e43304106f5a,15,15,9,0,1.0,0.6
648fd4f5-3541-40fe-8c53-9fc8c62f1b92,15,15,3,0,1.0,0.2
653aabb0-1be9-4b0a-b828-1f0c74321a44,15,15,8,0,1.0,0.533
65c20585-e865-4706-a1b9-50ae4ccba6d3,15,15,7,0,1.0,0.467
66717348-31eb-46c3-a84f-54773ba7ed3c,15,15,10,0,1.0,0.667
66e51f4c-2b98-4de8-a74d-b394c238bab3,15,15,10,0,1.0,0.667
67488f96-0d49-4d3a-ae68-84a8934414b8,15,15,6,0,1.0,0.4
6765b9d2-9b64-4a2c-aeaa-95e339e806b4,15,15,14,0,1.0,0.933
67991401-195d-4190-b2be-061a1de9ebf2,15,15,12,0,1.0,0.8
69308eb8-f047-4a02-9918-6be9f7ab1108,15,15,8,0,1.0,0.533
695b9e26-7ae5-4986-ba6d-e8beb52e9715,15,15,6,0,1.0,0.4
69946991-3f00-4495-86e2-485e1f6c2c8c,15,15,4,0,1.0,0.267
6a320c07-9473-4117-8018-62bdd08695b1,15,15,11,0,1.0,0.733
6ac439a3-ca36-421e-a4a9-778fb1e9538f,15,15,4,0,1.0,0.267
6baf1b6a-84f5-456a-816a-4f1a0509fcfa,15,15,12,0,1.0,0.8
6c1bef1e-3a1c-484a-a107-6462f9e6ec53,15,15,13,0,1.0,0.867
6c2cc5aa-b382-49ec-b76a-aca1e93995e3,13,13,13,0,1.0,1.0
6d916c99-937d-4ed2-8f5f-dec6c90e4369,15,15,6,0,1.0,0.4
6db30215-290b-4619-a880-07707854c0c6,15,15,14,0,1.0,0.933
6e12ab59-bb11-4b7e-a1b3-db32b3d9f540,15,15,3,0,1.0,0.2
6e615698-e56c-4c2f-8e86-dd0fba584b32,15,15,1,0,1.0,0.067
6e800075-7e9d-4b89-bcd7-5689ed58a73c,15,15,13,0,1.0,0.867
70376984-d59e-47a4-8a2c-3fc4227ab9a9,15,15,8,0,1.0,0.533
706e25f2-220f-4525-acfb-4151cd967cc4,15,15,7,0,1.0,0.467
70ad24bb-c0e5-4ed5-bda3-1c000db24372,15,15,12,0,1.0,0.8
70ae03fd-0561-4b1d-9452-8f4ba8ba8099,15,15,3,0,1.0,0.2
71afc7ef-6a47-4ec1-960d-9100a35b3ebb,15,15,1,0,1.0,0.067
726e1cd3-c21b-43a5-b2e8-397cc72123b1,15,15,5,0,1.0,0.333
726e8072-dbd6-4ff7-8dc5-d91d05c8b71d,15,15,14,0,1.0,0.933
72b0145e-249c-4258-ac35-a651a305f87f,15,15,5,0,1.0,0.333
734d4d33-e64c-4d3e-8e12-c8dd75baef26,15,15,2,0,1.0,0.133
7428d981-9515-46ed-98d7-eedd43a179af,15,15,7,0,1.0,0.467
74483a5a-baf4-4e8d-a8fe-b8756bab080a,15,15,12,0,1.0,0.8
749f432b-3519-4529-835a-3e39618570f5,15,15,6,0,1.0,0.4
75629b0c-dbae-4aed-acc9-625768dfc6bc,15,15,14,0,1.0,0.933
7588b98d-b986-4b7f-9a4e-5740bd38abba,15,15,10,0,1.0,0.667
759ac087-8c4a-4832-96ca-bb52df6e3362,15,15,8,0,1.0,0.533
75ac6791-8ff4-4fe9-9ce8-263f024fac03,15,15,13,0,1.0,0.867
764d08bd-f7ae-4801-b4a9-5205a0a79302,15,15,3,0,1.0,0.2
7680d93d-7317-4b91-a53f-9d31db3bb5f0,15,15,11,0,1.0,0.733
770a5344-2ea6-4256-a2fb-bbfb902af62e,15,15,6,0,1.0,0.4
7740fb15-17b7-4983-9e1e-3284340e24f1,15,15,14,0,1.0,0.933
777905e2-d1b9-4699-9cc2-9d00a0e23e60,15,15,4,0,1.0,0.267
77b2d06f-36f3-4baf-8a0c-b5200e288437,15,15,12,0,1.0,0.8
782e22ad-b784-4ce7-b9e7-5c5344934275,15,15,6,0,1.0,0.4
7842beca-0867-49fb-bad7-20b348e9020f,15,15,10,0,1.0,0.667
78eb9786-ccd2-4fa2-a166-d37eb7b05964,15,15,13,0,1.0,0.867
792d85ca-7785-4d20-aa5f-91cb8056fe51,15,15,1,0,1.0,0.067
7938e1e8-127c-4f61-b806-41787a547a54,15,15,11,0,1.0,0.733
7974b90f-1636-4b77-8c4c-eaf3f877be33,15,15,6,0,1.0,0.4
79887d11-a38b-494e-baa2-bfbaed28bb5f,15,15,2,0,1.0,0.133
79eaebe9-a71e-4e52-9c59-a065beaa4a6c,15,15,5,0,1.0,0.333
7aecaf40-8f51-45cc-a554-eef092c40dc5,15,15,11,0,1.0,0.733
7b1ab636-c0f8-4b23-b805-77662bdda8a9,15,15,3,0,1.0,0.2
7b4a06d4-1564-409a-96b8-a0fe29da3d88,15,15,8,0,1.0,0.533
7b4e1e3e-5c91-48d9-a1ab-fe2aaa8d5037,15,15,10,0,1.0,0.667
7b673e20-1fe9-4c5b-897a-d9fbe3a4911c,15,15,3,0,1.0,0.2
7be6acb9-5b99-4322-bcb4-68254688c2b6,15,15,2,0,1.0,0.133
7be9367d-1c08-4a16-b081-4845bdbb5a4b,15,15,4,0,1.0,0.267
7c1af73d-df29-4be6-ac40-c2ca2e3d864d,15,15,13,0,1.0,0.867
7cc0100d-8f47-4eac-9df2-907791e3eb64,15,15,5,0,1.0,0.333
7d06f413-dd66-455a-8662-b1b7802f0189,15,15,11,0,1.0,0.733
7de06311-2e45-461a-9164-d5ec42663991,15,15,14,0,1.0,0.933
7deb83cb-f09a-4a97-9981-67d52caceaad,15,15,4,0,1.0,0.267
7e6707e2-7989-447d-b6b8-b7eb8d4687e5,15,15,5,0,1.0,0.333
7e796f15-eafa-4318-bdf1-65ac269dd347,15,15,5,0,1.0,0.333
7f176fc8-84c8-4291-8399-535ea20c4156,15,15,12,0,1.0,0.8
7fe156f4-f1f2-448c-a12b-d2177e045abe,15,15,11,0,1.0,0.733
8003a039-958a-41ff-9a41-ce0abdf619cb,15,15,1,0,1.0,0.067
80242102-1e23-45e8-b2aa-4d15fcc88d49,15,15,15,0,1.0,1.0
80cee934-4364-4365-86e0-b0f63ea26f17,15,15,15,0,1.0,1.0
8144cc33-4334-4fd9-8f36-f5674335eb29,15,15,7,0,1.0,0.467
81ec9b66-c95b-419d-94f1-1efdb05cd272,15,15,12,0,1.0,0.8
82bd2d49-f90f-424d-8c32-9fbf70947d20,15,15,12,0,1.0,0.8
82d35294-043d-4eed-a9ed-6a9dbfc6ad8c,15,15,12,0,1.0,0.8
8314dd00-63db-4381-a46f-99288f1977c6,15,15,7,0,1.0,0.467
833ffff7-3926-4a78-82ee-578294550e52,15,15,15,0,1.0,1.0
8369c3a3-545a-43b2-b435-97dfd96c7de2,15,15,14,0,1.0,0.933
8433b089-03f1-467b-a785-310fed0629f9,15,15,6,0,1.0,0.4
84558946-4199-41a9-a4c5-74bd1081a32c,15,15,6,0,1.0,0.4
848e1b75-bd45-4f71-950b-133a15cdae20,15,15,2,0,1.0,0.133
849c7c61-5a28-46bd-af07-62b062c027c5,15,15,4,0,1.0,0.267
86122e62-49f9-462f-ad15-5cc48e1fe7b2,15,15,9,0,1.0,0.6
86baff84-baf8-4c05-9288-ddbc4f4f1938,15,15,9,0,1.0,0.6
86ef4491-f1ee-4d64-bba9-080f803b0083,15,15,7,0,1.0,0.467
887d7b7e-3572-47e4-b2ac-d06b8dcbea78,15,15,13,0,1.0,0.867
899eb188-05ce-49ec-ae12-83b8c61cce5e,15,15,1,0,1.0,0.067
8a02ae9c-8c1b-49ba-ad34-9e26e6295611,15,15,7,0,1.0,0.467
8acf41bc-af62-4f54-9d08-76aa3ebf8bc9,15,15,1,0,1.0,0.067
8afe5b0a-6004-4f5b-8927-63299d413f2f,15,15,8,0,1.0,0.533
8ba57d13-2b79-45f5-a3e5-65053536439c,15,15,6,0,1.0,0.4
8bfdd929-8a24-4904-95d4-7664cad1d051,15,15,6,0,1.0,0.4
8c2270dd-d2c3-44b5-9590-9b5e90d2c3f4,15,15,12,0,1.0,0.8
8c31067a-e06f-45c5-8005-d006cc8adc6d,15,15,8,0,1.0,0.533
8d062b0f-215e-41a2-811f-81118c89d5fc,15,15,4,0,1.0,0.267
8d369886-ff91-45e4-8a11-b9b93d4f9c8b,15,15,12,0,1.0,0.8
8d98806d-2c30-483f-8850-dc3d2723d356,15,15,10,0,1.0,0.667
8dcb77d7-d226-4b5f-9c8d-9baa4191d994,15,15,8,0,1.0,0.533
8dd60a11-c54a-4593-84b7-e98c758222a5,15,15,6,0,1.0,0.4
8fcd43ce-bee1-4ed1-909c-4c5176f0ba6f,15,15,3,0,1.0,0.2
922c8a9e-4a5b-4c62-983b-6f19facf4f92,15,15,9,0,1.0,0.6
92464d9f-bb8a-45a3-972e-034ef276e378,15,15,13,0,1.0,0.867
926dc624-bc88-4c11-bf93-78f33efc43cd,15,15,3,0,1.0,0.2
92b70a13-752e-40c0-8267-2ac79ca5b214,15,15,10,0,1.0,0.667
93d1de7b-0cfd-48a4-ab81-afdcde4fd0f1,15,15,4,0,1.0,0.267
942292d8-73f6-41f1-bb50-c56a365ca196,15,15,7,0,1.0,0.467
94315ae4-7d84-4275-bf5d-3d0982c43333,15,15,3,0,1.0,0.2
971ee889-50ac-4796-826f-07fe11905a25,15,15,6,0,1.0,0.4
982729e8-04d2-46be-9a26-7ff85937a2a3,15,15,15,0,1.0,1.0
985ae3bb-66f5-4c2b-91b9-82af74062e7d,15,15,7,0,1.0,0.467
989b7ca5-a0f8-431a-a3f2-4c1ac6e0ed59,15,15,3,0,1.0,0.2
98badc56-a1ba-4b66-bc77-7942596a5ce3,15,15,9,0,1.0,0.6
98cf6e4a-b943-4a23-9639-0240ad7d76fd,15,15,13,0,1.0,0.867
99106d71-722c-4b31-9347-3156e6db6877,15,15,9,0,1.0,0.6
994ad3c7-2219-4a26-a603-8d7271956293,15,15,13,0,1.0,0.867
9af714c9-f4c9-4969-b202-c31b1edbdbdb,15,15,7,0,1.0,0.467
9b50f5a7-0513-447e-89d2-ba4fb7e67a62,15,15,1,0,1.0,0.067
9c7fb591-c432-4585-9a05-db41497e0f9c,15,15,3,0,1.0,0.2
9c894a00-08e6-49a8-bbc2-d696fb090186,15,15,4,0,1.0,0.267
9cb4a6d4-143d-4818-ad59-f50afb5b6d2a,15,15,9,0,1.0,0.6
9ce4833e-d1d5-491b-ab4b-a825e878e08e,15,15,11,0,1.0,0.733
9d2375b8-5734-4b60-a8b8-fb15ad5fe2b7,15,15,11,0,1.0,0.733
9d4cf316-3dad-4470-8cd7-960548a3298d,15,15,12,0,1.0,0.8
9da7142e-1ac6-48d2-b5f6-9f48f39f10b9,15,15,12,0,1.0,0.8
9e1919c5-87a4-48e0-9654-191555496b82,15,15,4,0,1.0,0.267
9ec646ae-fe7d-4f30-bd06-6e2ef26fe94a,15,15,10,0,1.0,0.667
9ec823ed-63db-41c9-99cd-578729424418,15,15,8,0,1.0,0.533
9efd7a7e-9927-42f1-89a6-f26152fe25db,15,15,13,0,1.0,0.867
9f1c4b6e-10f9-42c6-9143-a888c92c59a7,15,15,4,0,1.0,0.267
9f3ec071-94b6-414b-b672-a3c1418a0d67,15,15,12,0,1.0,0.8
9f80ea09-9c4e-4657-8997-ec85dcd205c1,15,15,5,0,1.0,0.333
9fd41c25-3e2f-4bba-abd4-c7a2bb32d723,15,15,8,0,1.0,0.533
a04e2ee1-79b7-4af2-929c-c6fef79e3a4c,15,15,14,0,1.0,0.933
a0760b36-ea78-4ff0-a418-a29dc6a1a989,15,15,6,0,1.0,0.4
a0a953aa-0887-4090-9cd4-838ce67657dd,15,15,3,0,1.0,0.2
a101f6c8-b287-4ffa-9d04-be397c238321,15,15,7,0,1.0,0.467
a1335ec1-3c6d-4efd-a6a5-b91e84a6797a,15,15,15,0,1.0,1.0
a13c8361-ab20-4f0d-bc31-828e58ce57ec,15,15,14,0,1.0,0.933
a2e07e5f-32d5-4ff7-b42d-19c35eaf367e,15,15,10,0,1.0,0.667
a32d8a79-ca0c-4749-b929-3c91a939176a,15,15,2,0,1.0,0.133
a3333df6-55b4-46e3-ab29-aca3a63dd05b,15,15,9,0,1.0,0.6
a35ddb53-3e4a-4ba9-b91e-d389c38afb81,15,15,12,0,1.0,0.8
a4a00ce0-bd5d-48b9-9115-95d6ac84dea0,15,15,6,0,1.0,0.4
a53fb033-bf99-4a36-9cb6-0d2d10051bce,15,15,5,0,1.0,0.333
a5954cf0-0624-484c-8299-4c08c5070c40,15,15,15,0,1.0,1.0
a5effc43-f12f-4f5c-aa0f-7fbf399ee83f,15,15,13,0,1.0,0.867
a632cedb-a780-4d50-bf67-543d3c2fd5b0,15,15,9,0,1.0,0.6
a646bcb3-16dc-4cbb-88b3-e5614b0f14f4,15,15,2,0,1.0,0.133
a6852220-b12f-49b8-b5ce-3729edf2bfce,15,15,11,0,1.0,0.733
a6e89d57-fd2c-4fe5-9e57-bd449969c4c8,15,15,11,0,1.0,0.733
a7ac9a6c-bc6b-40bc-9ecf-41e74d2fefc0,15,15,10,0,1.0,0.667
a84723d3-1e70-487a-ba0e-4d7cbefff6c5,15,15,8,0,1.0,0.533
a8bcb6ef-bce8-44f0-81f4-4b12f4e40c67,15,15,2,0,1.0,0.133
a93f279f-77cf-48eb-b5aa-d66c7bb72df2,15,15,6,0,1.0,0.4
a9952fbc-47de-4e43-84b4-792214d8b4e9,15,15,11,0,1.0,0.733
a9b090ca-3918-42ab-aaaa-7bc608b3bd39,15,15,8,0,1.0,0.533
aa685ba9-aabd-4fcc-833a-6ddb056b8f79,15,15,11,0,1.0,0.733
abaa22b3-4fda-4365-87af-cbaa513517aa,15,15,3,0,1.0,0.2
ac959d2c-3d5d-46a7-b2c7-e7da6cdac34d,15,15,11,0,1.0,0.733
acda7041-07c4-4add-bf68-183203e3dbf9,15,15,13,0,1.0,0.867
ad041fb9-fe3a-4557-a727-01df5c7525c1,15,15,9,0,1.0,0.6
ae5796cc-e3b2-41ca-9f17-dece6e5d1a06,15,15,3,0,1.0,0.2
aeaf88f1-1c63-450b-ba7a-088867303127,15,15,11,0,1.0,0.733
af462d06-7c39-4545-9069-e8a4d6889806,15,15,14,0,1.0,0.933
af4bad40-ee6d-46e1-bf6f-673513dec233,15,15,14,0,1.0,0.933
b03e2e34-95b6-4264-8042-4d39ad76d21f,15,15,8,0,1.0,0.533
b06348e2-05ce-4b0a-bce5-724494461b13,15,15,5,0,1.0,0.333
b0b17244-af3f-4678-ad9f-bba4b71dcfbf,15,15,9,0,1.0,0.6
b0b7a170-2120-4dac-aef6-4309a0088247,15,15,12,0,1.0,0.8
b1329783-79c7-4de3-9be8-73be853a7a41,15,15,10,0,1.0,0.667
b221a7ab-29d2-4ae3-927d-7d13147ae5ed,15,15,8,0,1.0,0.533
b26a2c1c-c944-44d7-aa7e-9d857de7e03e,15,15,11,0,1.0,0.733
b2c0632e-d1b4-4928-a760-46e9b4377393,15,15,11,0,1.0,0.733
b2f94c6c-ec32-4bd4-8cc8-d54d930a75e5,15,15,13,0,1.0,0.867
b362625d-e7ea-40f4-8973-2caa022130ab,15,15,10,0,1.0,0.667
b3bf8bde-f024-4b6d-bd4c-4d3449861976,15,15,11,0,1.0,0.733
b43a8783-0b36-47d2-8475-6d0b62c484e7,15,15,14,0,1.0,0.933
b4d5524e-2c09-4611-827f-dff2ba9388f4,15,15,10,0,1.0,0.667
b5590d05-9b04-4e2a-92db-c5e9ae1193a7,15,15,2,0,1.0,0.133
b56d74c4-6158-4087-ace2-91848c70cf3b,15,15,15,0,1.0,1.0
b5ee3634-3168-458c-9e7a-7f74968c3c6f,15,15,10,0,1.0,0.667
b61a8ced-cd6d-4d40-a811-ab3ccf1dbed8,15,15,9,0,1.0,0.6
b6366318-03cb-426c-a879-118838619933,15,15,2,0,1.0,0.133
b6519b50-8e71-4385-94b2-a2828598ead6,15,15,1,0,1.0,0.067
b68dc359-db51-4025-a2e6-652627036ad5,15,15,4,0,1.0,0.267
b6e1d605-7b61-4203-8fd7-af27c1d6b887,15,15,5,0,1.0,0.333
b77e4720-af5c-4a92-bccc-7b52aa4d9819,15,15,4,0,1.0,0.267
b7b479b4-eb09-4892-8af8-e88a040f3d4b,15,15,7,0,1.0,0.467
b824c63a-a310-4f94-aba4-c2e5f1328d9a,15,15,3,0,1.0,0.2
b9a6d7cd-27c8-4ff0-aa4e-bd387bfc453f,15,15,8,0,1.0,0.533
ba6dc6b6-dbf7-4588-b83c-1c1becc97eae,15,15,6,0,1.0,0.4
ba915f64-fe99-44e5-b19f-a63c51035e83,15,15,5,0,1.0,0.333
bac90278-b6f6-4f5a-847d-370e45e92d99,15,15,2,0,1.0,0.133
bb281ca9-26c6-4882-ac99-ed7a296e0d04,15,15,13,0,1.0,0.867
bb83c6dc-b113-4c37-bf2b-007738d0da77,15,15,13,0,1.0,0.867
bc761ef7-79ce-46ba-805f-86c0d756d88c,15,15,11,0,1.0,0.733
bcc7d9ec-bf6a-41cb-ae1a-b921bc6a0617,15,15,3,0,1.0,0.2
bcdeab72-4e6a-43eb-ac5e-51908da9ba92,15,15,6,0,1.0,0.4
bd4876b2-7093-43d3-9c3c-a4bdaa2c7f90,15,15,14,0,1.0,0.933
be68cc93-8fbe-4d8e-99f7-0fff0ad9acaa,15,15,8,0,1.0,0.533
be8bc310-c3f8-48f3-bc17-8ccef8b2c403,15,15,5,0,1.0,0.333
bedb0e86-d1b2-4ba0-9433-a83a1b6d67ae,15,15,15,0,1.0,1.0
bf0fca6a-31a3-4f2a-88c2-dad8e45a2ec5,15,15,13,0,1.0,0.867
bfd7889f-93cd-4904-b694-130ff739ebfc,15,15,12,0,1.0,0.8
c01152b1-17db-4800-9406-c8fb8ed73fbe,15,15,4,0,1.0,0.267
c0633008-d2c4-4a69-b370-c8dcc32ce752,15,15,14,0,1.0,0.933
c08937e0-ae20-4521-998b-c834142760be,15,15,1,0,1.0,0.067
c0e4463b-1ce2-4e69-8592-42b5ffa61f50,15,15,12,0,1.0,0.8
c1ff8391-c300-4bfe-9c74-308e17bd1568,15,15,4,0,1.0,0.267
c2896bcf-dcfd-41a0-917f-d3095b575f81,15,15,8,0,1.0,0.533
c2e0d4c7-e1ea-4d69-a000-20a326f023a5,15,15,8,0,1.0,0.533
c32c82de-a06a-47a2-9b5b-2140026dd918,15,15,3,0,1.0,0.2
c3c5b697-5609-4713-a440-3d38db62d6ac,15,15,7,0,1.0,0.467
c40c5cb3-a2cd-4ade-9f87-019f924e1ada,15,15,7,0,1.0,0.467
c50fbcfb-8d9a-4cd2-aa96-93fbae50aae3,15,15,6,0,1.0,0.4
c543c071-7421-4fd4-87a5-9d5c7db6f7b1,15,15,7,0,1.0,0.467
c5483a53-c722-4583-a16c-46b58f23f324,15,15,12,0,1.0,0.8
c5c926ec-a148-40d9-8d35-7d0968f4cc62,15,15,8,0,1.0,0.533
c6236195-7c48-4ce3-bb31-92b7ed07bd96,15,15,14,0,1.0,0.933
c6363790-df2d-47f1-8b59-849c8f3be311,15,15,15,0,1.0,1.0
c6526e72-828c-4769-ae14-43b04bf629cd,15,15,1,0,1.0,0.067
c6912b31-0f91-46d4-8cc0-670839d9148b,15,15,13,0,1.0,0.867
c73e6215-f7cf-41b1-aacc-8d10cc86fb48,15,15,2,0,1.0,0.133
c760a8ae-de33-47bf-bde1-5bb414447092,15,15,11,0,1.0,0.733
c7690b3e-f495-4378-a2a9-b58481099c80,15,15,3,0,1.0,0.2
c7d0cb6d-894f-4700-a9b7-0403d342e600,15,15,1,0,1.0,0.067
c8beac48-c90f-435a-9d65-a5adbcfde88b,15,15,7,0,1.0,0.467
c92991f1-fa6b-4dff-96ba-0528c6ac6cb3,15,15,13,0,1.0,0.867
caa398dd-3e0f-41f9-9d2f-8b1b2bb92db5,15,15,2,0,1.0,0.133
cc78c2f2-4d4b-458c-80a5-fac7e3b1ccc5,15,15,6,0,1.0,0.4
cc90c3a0-169d-403a-baee-b80fcc119819,15,15,8,0,1.0,0.533
ccb7bd82-30cb-4954-9a8d-0b93afbe1462,15,15,1,0,1.0,0.067
cd2bbf76-c80e-4010-bfcb-07e6b0b76070,15,15,13,0,1.0,0.867
cd5b798f-283c-49c5-b9cf-1215d199b925,15,15,14,0,1.0,0.933
cdd8ec3f-5799-48ca-a0ad-f66027e7e5c4,15,15,9,0,1.0,0.6
cdfd6a14-0d96-4c2f-8194-6693404218b2,15,15,13,0,1.0,0.867
ce5e9666-3677-46ab-bb79-6b2a78204226,15,15,9,0,1.0,0.6
ce9587cf-af16-4170-ba70-dc266b341c1c,15,15,14,0,1.0,0.933
ceb7705f-e9b0-4c11-85d3-6c480b604151,15,15,6,0,1.0,0.4
ced51279-8e65-4d04-a15b-6d278c595c85,15,15,1,0,1.0,0.067
cedde1af-8709-4ada-9bb2-8c948c3524c4,15,15,4,0,1.0,0.267
cee5e9a5-1b3d-4f10-9251-ceba550e202f,15,15,7,0,1.0,0.467
cee8284a-4926-4699-9511-ba70eb36db58,15,15,7,0,1.0,0.467
cf174e72-cc13-4a1d-8554-fcbf537ab3d5,15,15,3,0,1.0,0.2
cf7f04e2-39ea-4489-9582-64d64baf5c84,15,15,10,0,1.0,0.667
cfb12cc3-33a0-4397-a70e-c80a284fc930,15,15,15,0,1.0,1.0
cfe1e6ae-39a4-4fb6-aabb-38571e2c0a7d,15,15,3,0,1.0,0.2
d07785ad-ee07-43e0-a62e-dfe311fa6e1d,15,15,1,0,1.0,0.067
d0dacb59-cadf-41f8-9bb6-e6f2be6b3a5c,15,15,6,0,1.0,0.4
d1256117-3f2a-495c-bc16-f08aed933062,15,15,2,0,1.0,0.133
d15f0910-85d0-49de-9a87-cd8b65e203c9,15,15,5,0,1.0,0.333
d1dd16dd-d3cc-4c41-923e-f2f5836a2503,15,15,5,0,1.0,0.333
d20cf5fd-c775-468e-92a8-85d12a0ac794,15,15,8,0,1.0,0.533
d22fc215-2a66-4a97-863b-3cfb3c7b82c9,15,15,2,0,1.0,0.133
d26480b6-a396-44a8-97f6-15e2cca8c216,15,15,7,0,1.0,0.467
d2786f18-9964-44bd-9d62-12e76512cf2d,15,15,5,0,1.0,0.333
d2d188ce-8720-425d-94cc-65a6b90e3282,15,15,11,0,1.0,0.733
d3d39102-4e52-4653-83a8-be5e15cc24a8,15,15,7,0,1.0,0.467
d3e20889-fb61-456e-8129-ea40cd681e3e,15,15,6,0,1.0,0.4
d432c5f1-e749-4744-bbd2-f9cf5ddef71c,15,15,6,0,1.0,0.4
d59f26d3-a634-4dc6-9c5d-cce8ebc71bff,15,15,12,0,1.0,0.8
d5d73cd7-51b2-4eb4-a839-f24340d1b6e5,15,15,10,0,1.0,0.667
d5e9a5ea-f384-4e4a-823e-1df377413093,15,15,13,0,1.0,0.867
d625d3b0-5099-4c62-b12b-8b8d7084790c,15,15,8,0,1.0,0.533
d65638f3-ba8f-4f37-bcfd-d5838c8842cd,15,15,5,0,1.0,0.333
d6907839-1199-4b1a-aa28-4fdcf09ec54b,15,15,1,0,1.0,0.067
d6f5ebc3-5a11-461d-9848-9a7f48bb9538,15,15,2,0,1.0,0.133
d7d80579-fe4b-4e1a-8509-16712ae4e5b7,15,15,3,0,1.0,0.2
d8f903a8-bf0b-49e5-806e-c010fc76026c,15,15,1,0,1.0,0.067
d95ed62d-1d51-4ccc-a5ff-898884fd1f15,15,15,4,0,1.0,0.267
d991bc4e-9536-447d-9d76-ce0788c1f962,15,15,13,0,1.0,0.867
d9cd5a69-6902-4880-b0e5-fdcecfcb48bf,15,15,6,0,1.0,0.4
da2b7444-d758-4b02-b039-517403c885a9,15,15,11,0,1.0,0.733
da625182-a1bb-433e-9ade-d49fd3e884a5,15,15,11,0,1.0,0.733
dab0a67d-0380-4131-b901-2b6ae66e06d1,15,15,4,0,1.0,0.267
dab294f7-a79d-48f5-af95-eff5ef9fab6e,15,15,10,0,1.0,0.667
dac3c153-3186-495a-aebc-09ab5949fb21,15,15,10,0,1.0,0.667
db1c0b1d-c8ba-45ed-b5f0-5ca49221ba89,15,15,3,0,1.0,0.2
db4934be-c089-4e43-95fa-8ebc7cfa24d5,15,15,8,0,1.0,0.533
dbcf6a51-20a9-40c7-a5f0-c539f06170c8,15,15,6,0,1.0,0.4
dc285158-0dfb-44e4-b207-a71182965eca,15,15,7,0,1.0,0.467
dcf31214-d851-4293-a066-f17b7fc4c078,15,15,9,0,1.0,0.6
dd93361a-f639-4b26-852d-e2f4985ccf07,15,15,4,0,1.0,0.267
ddbcf1ca-318b-4c3d-97df-ee016727d260,15,15,2,0,1.0,0.133
de6ebd6a-d71a-46c9-920f-fe17558e158e,15,15,13,0,1.0,0.867
deee9f33-9672-41d1-ab6f-994b8e41738f,15,15,10,0,1.0,0.667
e06459d9-ddc3-4b65-84f6-04c60634fa4b,15,15,10,0,1.0,0.667
e077183f-1926-4f72-bce4-af5449f42753,15,15,9,0,1.0,0.6
e1653e6e-d355-4d8d-bdaa-110e5a4d062e,15,15,10,0,1.0,0.667
e1f59c4d-2a45-4ae0-8a36-6f3cb897b53d,15,15,13,0,1.0,0.867
e21f8086-87e6-4c67-a7e5-f6b63d831342,15,15,10,0,1.0,0.667
e2465754-e157-4a70-89bf-c18f65aa111f,15,15,1,0,1.0,0.067
e282f473-753b-4349-b8ce-14706e92654f,15,15,10,0,1.0,0.667
e28c4e6a-b224-496a-a9ea-9e7982347e5e,15,15,7,0,1.0,0.467
e3790259-51b5-40c6-bda5-7064f09b09c8,15,15,11,0,1.0,0.733
e3c7095c-79d4-4bd2-b2ec-2b0c0badbf5d,15,15,7,0,1.0,0.467
e3cb0d83-0836-42c5-8de9-14dc755d2b88,15,15,9,0,1.0,0.6
e3db200a-81f5-4522-bf01-6a605ba9581d,15,15,5,0,1.0,0.333
e43cd97d-2689-4ec1-b010-25771fd1525a,15,15,9,0,1.0,0.6
e4601fd7-48d0-453c-b98f-4a0aa449740b,15,15,6,0,1.0,0.4
e4ca8da0-389a-4f60-8b0b-35a1c2125d80,15,15,1,0,1.0,0.067
e54874db-e3b4-4824-9ba6-c13b57041834,15,15,13,0,1.0,0.867
e5a970d6-a230-4603-9e9c-27a1a4e1338b,15,15,9,0,1.0,0.6
e5fa39dc-01ae-4a7d-9da8-5daa8aa4f5a5,15,15,8,0,1.0,0.533
e611137b-b0f8-4ed4-bec0-25b7dd1c6a91,15,15,6,0,1.0,0.4
e6d8368f-d5dd-4920-a1c8-5e3cfface94f,14,14,10,0,1.0,0.714
e6e1e46f-a31d-4b20-a296-f5a75995f2c9,15,15,10,0,1.0,0.667
e7737246-539a-4ee7-aa0e-b9ab91e4178e,15,15,6,0,1.0,0.4
e7d85af9-38f6-49ef-818c-be771b645ed5,15,15,5,0,1.0,0.333
e865c771-ff8b-4b77-b6d0-a55003f1fc4d,15,15,4,0,1.0,0.267
e8d0ffcb-c7a0-498b-99ce-f013de3473f6,15,15,12,0,1.0,0.8
e9187378-12a6-4bfa-a6e1-0338ea9bcd57,15,15,8,0,1.0,0.533
e9784d46-6eac-4acf-a575-0525f4187772,15,15,5,0,1.0,0.333
e991815f-170a-4ebb-b8c7-30e2a66653c2,15,15,9,0,1.0,0.6
e9e18c32-2ccc-4244-bd3e-4f7281f26b87,15,15,5,0,1.0,0.333
ea0bc351-df32-4176-8749-e3042d30adf6,15,15,8,0,1.0,0.533
eb4912a1-715d-441b-bd84-c0d533b96038,15,15,10,0,1.0,0.667
eb820fef-f6d3-4235-822f-bdef0a3457bf,15,15,14,0,1.0,0.933
eb8bb643-6537-46b0-b42d-702a3dc3d437,15,15,8,0,1.0,0.533
ebab61ff-dd0a-4104-ad22-711b3ee3485e,15,15,12,0,1.0,0.8
ebcc4130-770d-426b-9939-caf97419af9d,15,15,6,0,1.0,0.4
ebf51948-4482-405a-bac6-a7e21f1998b7,15,15,9,0,1.0,0.6
ebf764b2-dc49-477c-87b4-547dd0dc765a,15,15,3,0,1.0,0.2
ed21f834-1625-4f6c-aee3-978500509276,15,15,8,0,1.0,0.533
ed6aa4c6-7e43-4cff-898b-baee8996c304,15,15,7,0,1.0,0.467
edd1e4ed-038f-4c15-bd5b-6223e204a6c9,15,15,13,0,1.0,0.867
ee0a3e6e-638a-4bf2-8d94-ca93704049ba,15,15,13,0,1.0,0.867
ee0c9eff-aa2c-4d83-89f9-394e5c65f793,15,15,9,0,1.0,0.6
ee1fa91b-f40a-4a6a-bcf4-fc8d0345bacc,15,15,14,0,1.0,0.933
ee706abd-d8bd-45ab-8a71-ecb2684a0aab,15,15,12,0,1.0,0.8
eef08cc1-e341-4aa3-98bc-88b0ca2c7420,15,15,3,0,1.0,0.2
ef0a3d73-98e9-4553-a741-274e2a645829,15,15,13,0,1.0,0.867
ef853143-54bf-4a93-8a94-c543dec24e89,15,15,9,0,1.0,0.6
efe7b586-4d3e-46d5-85fc-48f9ba213c27,15,15,11,0,1.0,0.733
f068e3b1-bdc4-44f2-8aa8-05da1ab7e2f1,15,15,5,0,1.0,0.333
f0752e86-8592-4681-87fd-025927ab4e23,15,15,13,0,1.0,0.867
f0b16052-c178-494b-b994-a57f47ad8224,15,15,8,0,1.0,0.533
f10ccd76-12be-4457-972b-18edffca5ff2,15,15,7,0,1.0,0.467
f1241f01-05a8-49b8-82df-744fcee2c295,15,15,3,0,1.0,0.2
f136a4eb-5426-49c4-88f8-e3e7879a0af9,15,15,7,0,1.0,0.467
f250ada5-7ca8-4259-83ae-404e17423998,15,15,10,0,1.0,0.667
f3929c3a-d25b-412d-9c92-b51f0862a408,15,15,4,0,1.0,0.267
f39fbf6e-8e28-4e94-bb74-6b997493ab59,15,15,10,0,1.0,0.667
f44d0efe-8321-427e-afdc-0924521cef3e,15,15,12,0,1.0,0.8
f4704b96-5687-4445-b5ab-7810eb6def6c,15,15,11,0,1.0,0.733
f4aae70c-b1a6-404a-b61f-dc653e4a8dff,15,15,13,0,1.0,0.867
f50b0b2f-0b8b-4a17-a30f-306f34190ac7,15,15,10,0,1.0,0.667
f526f110-bb06-42c0-bc05-0b68e4e4c976,15,15,3,0,1.0,0.2
f53754ef-9c4e-482f-84d3-9bd0a6a8c892,15,15,9,0,1.0,0.6
f58b0287-c317-49b2-a579-1d4572bd20b7,15,15,7,0,1.0,0.467
f614a284-2bf0-441b-b1c3-b7a2e36afa17,15,15,5,0,1.0,0.333
f62ca042-85c6-4743-b423-06a24bae2b8b,15,15,7,0,1.0,0.467
f64262de-94e2-478e-9a61-ac22b70a0e03,15,15,10,0,1.0,0.667
f648aa5d-7028-46c5-a871-909269639fcc,15,15,3,0,1.0,0.2
f6569c08-77a1-4bd7-8693-31bbb2e1da2d,15,15,8,0,1.0,0.533
f7440437-ad2d-4d8c-9f64-40602c8c09f1,15,15,11,0,1.0,0.733
f7777528-3226-4fd2-b0f2-d31bb8e9a145,15,15,2,0,1.0,0.133
f79a2bbf-5739-4b2e-8741-c2592d2bcc8e,15,15,9,0,1.0,0.6
f7c4a5c3-b875-433d-9cbb-ed2e90118edd,15,15,11,0,1.0,0.733
f81d3b7e-8e65-43ac-befa-76aa2fd665b2,15,15,10,0,1.0,0.667
f85c89c2-8c53-45b8-91a8-6d1a7e6c455e,15,15,12,0,1.0,0.8
f86682f5-30e6-4c9f-bc5c-6998d2ab5dbc,15,15,10,0,1.0,0.667
f8c95cc4-068f-4ff5-9920-5eb6c5bf78e3,15,15,2,0,1.0,0.133
f9f8c48c-42b3-4d41-bbba-fdc274484fa7,15,15,11,0,1.0,0.733
fa04b794-1a4e-4ef0-805e-3ee41ca9b71c,15,15,15,0,1.0,1.0
fa13b84d-27fa-4089-a43f-bf45285b1af2,15,15,4,0,1.0,0.267
fa1f50f8-62b7-4630-a06a-07d9e0531a98,15,15,6,0,1.0,0.4
fa427d9f-6b56-452f-9d2d-9cfd4f5d647f,15,15,14,0,1.0,0.933
fa6d6937-770f-4f8e-bea2-ec960765b84d,15,15,7,0,1.0,0.467
fa82bdf3-de68-408b-9488-bdceb6f04ffd,15,15,2,0,1.0,0.133
faab9864-fe9c-4eff-adcb-9ab2b7c7cb6e,15,15,6,0,1.0,0.4
fac9b8c3-a3d3-4b9b-959e-35a672713181,15,15,9,0,1.0,0.6
fb05cb59-7332-4cd9-a007-560dbc272de9,15,15,9,0,1.0,0.6
fb59a507-2cf0-4008-8997-46dac60d88a7,15,15,10,0,1.0,0.667
fcde020f-afc2-4318-8d2a-5065907f020e,15,15,11,0,1.0,0.733
fd3c2ef7-9655-4f1e-ae8b-8af79d724ae2,15,15,10,0,1.0,0.667
fd6b676e-8705-4e3e-8ecf-ca6eac2d058e,15,15,6,0,1.0,0.4
fdd59047-74b4-4762-bcea-0ffd38ba6085,15,15,3,0,1.0,0.2
fed7457b-4468-403c-bae4-893d1836ab3c,15,15,11,0,1.0,0.733
ff2df774-8d22-4909-ae19-95d426a89530,15,15,2,0,1.0,0.133
ff8bd0b6-7443-4449-bb30-9318db20262b,15,15,1,0,1.0,0.067
