input_query,out_degree
query a,45
python 3.13 release highlights official documentation,36
q,30
python fastmcp,28
test,18
python,17
python 3.13 asyncio,15
python asyncio documentation,15
python 3.14 release,14
python asyncio timeout handling,13
"""rankllm sliding window"" full-list reranking best practices",11
langsearch web search api documentation,11
npm pi-agent-plugin extension pi coding agent,11
python 3.14 release date,11
python async tutorial,11
agentic deep research tool chaining,10
site:cloud.google.com/vertex-ai xai grok web_search x_search server-side tools,10
best laptop for coding in 2026 with long battery life and 32gb ram under 000,9
crawl4ai /md endpoint api response format markdown json client example,9
golang concurrency patterns,9
most useful duckdb extensions,9
python asyncio tutorial,9
today news,9
best laptop for coding in 2026 with long battery life and 32gb ram under $2000,8
latest langgraph release version 2026,8
opentelemetry python current release,8
python programming,8
python async patterns,7
"""arize"" phoenix otlp ""project"" resource attributes header ""openinference.project.name""",6
"""coding-harness-tracing"" ""arize-ai""",6
